actor,movie_or_TV_name
Daniel Radcliffe,My Boy Jack
Daniel Radcliffe,The Ellen DeGeneres Show
Daniel Radcliffe,Rick and Morty
Daniel Radcliffe,Music by John Williams
Daniel Radcliffe,Daniel Radcliffe: Being Harry Potter
Daniel Radcliffe,Now You See Me 2
Daniel Radcliffe,Circus Kid
Daniel Radcliffe,Friday Night with Jonathan Ross
Daniel Radcliffe,The Gamechangers
Daniel Radcliffe,Late Night with Seth Meyers
Daniel Radcliffe,The Magic Touch of Harry Potter
Daniel Radcliffe,Tom Felton Meets the Superfans
Daniel Radcliffe,Ant & Dec's Saturday Night Takeaway
Daniel Radcliffe,The Jonathan Ross Show
Daniel Radcliffe,Saturday Night Live
Daniel Radcliffe,Mulligan
Daniel Radcliffe,2 Dope Queens
Daniel Radcliffe,Trailblazer Honors
Daniel Radcliffe,BoJack Horseman
Daniel Radcliffe,Beast of Burden
Daniel Radcliffe,Imperium
Daniel Radcliffe,Endgame
Daniel Radcliffe,The Tonight Show Starring Jimmy Fallon
Daniel Radcliffe,What If
Daniel Radcliffe,Harry Potter and the Half-Blood Prince
Daniel Radcliffe,Trailing Tonks
Daniel Radcliffe,The View
Daniel Radcliffe,Late Night with Conan O'Brien
Daniel Radcliffe,Inside the Actors Studio
Daniel Radcliffe,The Simpsons
Daniel Radcliffe,David Holmes: The Boy Who Lived
Daniel Radcliffe,Trainwreck
Daniel Radcliffe,December Boys
Daniel Radcliffe,The Last Leg
Daniel Radcliffe,The Kelly Clarkson Show
Daniel Radcliffe,Rove
Daniel Radcliffe,Carole & Grey
Daniel Radcliffe,Harry Potter and the Prisoner of Azkaban
Daniel Radcliffe,Extrapolations
Daniel Radcliffe,Leute heute
Daniel Radcliffe,A Conversation with J.K. Rowling and Daniel Radcliffe
Daniel Radcliffe,LIVE with Kelly and Mark
Daniel Radcliffe,Who Do You Think You Are?
Daniel Radcliffe,The Woman in Black
Daniel Radcliffe,Off Camera with Sam Jones
Daniel Radcliffe,Live from Studio Five
Daniel Radcliffe,Digman!
Daniel Radcliffe,100 Years of Warner Bros.
Daniel Radcliffe,Harry Potter and the Goblet of Fire
Daniel Radcliffe,David Copperfield
Daniel Radcliffe,The Lost City
Daniel Radcliffe,The Tonight Show with Jay Leno
Daniel Radcliffe,Trust the Man
Daniel Radcliffe,Harry Potter and the Deathly Hallows: Part 1
Daniel Radcliffe,The Children's Party at the Palace
Daniel Radcliffe,Have I Got News for You
Daniel Radcliffe,Lie Detector
Daniel Radcliffe,The Late Show with Stephen Colbert
Daniel Radcliffe,Taff
Daniel Radcliffe,The Art of Breaking Character
Daniel Radcliffe,50 Greatest Harry Potter Moments
Daniel Radcliffe,The Kumars
Daniel Radcliffe,Good Mythical Morning
Daniel Radcliffe,Merrily We Roll Along
Daniel Radcliffe,Batso
Daniel Radcliffe,When Harry Left Hogwarts
Daniel Radcliffe,Fry and Laurie Reunited
Daniel Radcliffe,Weird: The Al Yankovic Story
Daniel Radcliffe,Swiss Army Man
Daniel Radcliffe,Unbreakable Kimmy Schmidt: Kimmy vs. the Music: A Live Singing Contest (That's Live)
Daniel Radcliffe,Hot Ones
Daniel Radcliffe,Robot Chicken
Daniel Radcliffe,Harry Potter and the Deathly Hallows: Part 2
Daniel Radcliffe,GMTV
Daniel Radcliffe,Escape from Pretoria
Daniel Radcliffe,The Graham Norton Show
Daniel Radcliffe,QI
Daniel Radcliffe,The Daily Show
Daniel Radcliffe,A Young Doctor's Notebook
Daniel Radcliffe,Kill Your Darlings
Daniel Radcliffe,Horns
Daniel Radcliffe,Jungle
Daniel Radcliffe,Guns Akimbo
Daniel Radcliffe,The Tailor of Panama
Daniel Radcliffe,Playmobil: The Movie
Daniel Radcliffe,National Theatre Live: Rosencrantz & Guildenstern Are Dead
Daniel Radcliffe,Extras
Daniel Radcliffe,Victor Frankenstein
Daniel Radcliffe,Rachael Ray
Daniel Radcliffe,(K)nox: The Rob Knox Story
Daniel Radcliffe,Lost in London
Daniel Radcliffe,Harry Potter and the Order of the Phoenix
Daniel Radcliffe,The Frame
Daniel Radcliffe,Conan
Daniel Radcliffe,The Early Show
Daniel Radcliffe,Have I Got a Bit More News for You
Daniel Radcliffe,Unbreakable Kimmy Schmidt: Kimmy vs. the Reverend
Daniel Radcliffe,Tony Awards
Daniel Radcliffe,Miracle Workers
Daniel Radcliffe,The Robot Chicken Walking Dead Special: Look Who's Walking
Daniel Radcliffe,Watch What Happens Live with Andy Cohen
Daniel Radcliffe,Endgame & Rough for Theatre II
Daniel Radcliffe,Harry Potter and the Chamber of Secrets
Daniel Radcliffe,Harry Potter and the Philosopher's Stone
Daniel Radcliffe,TRL
Daniel Radcliffe,Harry Potter 20th Anniversary: Return to Hogwarts
Nina Young,Out of the Ashes
Nina Young,The Magnificent Eleven
Nina Young,How to Please a Woman
Nina Young,Two Golden Balls
Nina Young,Clash of the Titans
Nina Young,The Woman on the Cliff
Nina Young,The Mistress of Spices
Nina Young,A Lump In My Throat
Nina Young,Tomorrow Never Dies
Nina Young,Molly Moon and the Incredible Book of Hypnotism
Nina Young,Warrior Angels
Nina Young,The Demon Headmaster
Nina Young,Game On
Nina Young,Johnny English
Nina Young,Pilgrim's Rest
Nina Young,Things to Do Before You're 30
Nina Young,The Surfer
Nina Young,"England, My England"
Nina Young,Harry Potter and the Philosopher's Stone
Nina Young,Take a Girl Like You
Nina Young,Sliding Doors
Richard Bremmer,In Fabric
Richard Bremmer,Shanghai Knights
Richard Bremmer,The Aryan Couple
Richard Bremmer,Mr. Loveday's Little Outing
Richard Bremmer,The Third Day
Richard Bremmer,Swallows and Amazons
Richard Bremmer,Crime and Punishment
Richard Bremmer,Scarlet and Black
Richard Bremmer,Stars of the Roller State Disco
Richard Bremmer,The Hollow Crown
Richard Bremmer,Kingdom
Richard Bremmer,Just Visiting
Richard Bremmer,Macbeth
Richard Bremmer,"Twelfth Night, or What You Will"
Richard Bremmer,The 13th Warrior
Richard Bremmer,The Girl with Brains in Her Feet
Richard Bremmer,By the Sword Divided
Richard Bremmer,Made in Britain
Richard Bremmer,Volpone
Richard Bremmer,Peak Practice
Richard Bremmer,Performance
Richard Bremmer,The Alienist
Richard Bremmer,The Lost Explorer
Richard Bremmer,Flux Gourmet
Richard Bremmer,Charles II: The Power and The Passion
Richard Bremmer,To Kill a King
Richard Bremmer,Mr. Turner
Richard Bremmer,Zastrozzi: A Romance
Richard Bremmer,Onegin
Richard Bremmer,Ripper 2: Letter from Within
Richard Bremmer,Agatha Christie's Marple
Richard Bremmer,Murder on the Home Front
Richard Bremmer,City Slacker
Richard Bremmer,The Power of Three
Richard Bremmer,Richard II
Richard Bremmer,The Song of Names
Richard Bremmer,Viper in the Fist
Richard Bremmer,Half Past Dead
Richard Bremmer,In the Heart of the Sea
Richard Bremmer,Control
Richard Bremmer,Star Wars: The Rise of Skywalker
Richard Bremmer,Les Misérables
Richard Bremmer,Ourhouse
Richard Bremmer,Perdition County
Richard Bremmer,Beowulf: Return to the Shieldlands
Richard Bremmer,Harry Potter and the Philosopher's Stone
Richard Bremmer,The Order
Terence Bayler,The Lie
Terence Bayler,Time Bandits
Terence Bayler,Doctor Who
Terence Bayler,Justice
Terence Bayler,Special Branch
Terence Bayler,Pulaski
Terence Bayler,Doctor Who: The Ark
Terence Bayler,Life of Brian
Terence Bayler,Macbeth
Terence Bayler,The Snow Queen
Terence Bayler,Eye of the Storm
Terence Bayler,The Light Princess
Terence Bayler,Old Man March Is Dead
Terence Bayler,The Vanishing Army
Terence Bayler,Dr. Watson and the Darkwater Hall Mystery
Terence Bayler,The Rivals of Sherlock Holmes
Terence Bayler,The Regiment
Terence Bayler,The Remains of the Day
Terence Bayler,Traitor
Terence Bayler,Mystery and Imagination
Terence Bayler,Chemical Wedding
Terence Bayler,Life Begins
Terence Bayler,Crystalstone
Terence Bayler,Broken Barrier
Terence Bayler,Play for Today
Terence Bayler,The Hunchback of Notre Dame
Terence Bayler,Brazil
Terence Bayler,This Office Life
Terence Bayler,Doctor Who: The War Games
Terence Bayler,"Upstairs, Downstairs"
Terence Bayler,You Can't Win
Terence Bayler,The Venturers
Terence Bayler,"Renoir, My Father"
Terence Bayler,Harry Potter and the Philosopher's Stone
Geraldine Somerville,My Week with Marilyn
Geraldine Somerville,Daylight Robbery
Geraldine Somerville,Agatha Christie's Poirot
Geraldine Somerville,The Children
Geraldine Somerville,A Business Affair
Geraldine Somerville,Kiss Me First
Geraldine Somerville,Goodbye Christopher Robin
Geraldine Somerville,Aristocrats
Geraldine Somerville,The Hippopotamus
Geraldine Somerville,Gosford Park
Geraldine Somerville,Automata
Geraldine Somerville,Performance
Geraldine Somerville,Harry Potter and the Prisoner of Azkaban
Geraldine Somerville,Cracker
Geraldine Somerville,Gorka
Geraldine Somerville,Kids in Love
Geraldine Somerville,The Safe House
Geraldine Somerville,Jericho
Geraldine Somerville,After Miss Julie
Geraldine Somerville,The Making of 'Gosford Park'
Geraldine Somerville,True Blue
Geraldine Somerville,Quirke
Geraldine Somerville,Romeo and Juliet
Geraldine Somerville,Titanic
Geraldine Somerville,Murder in Mind
Geraldine Somerville,Haunted
Geraldine Somerville,The Bill
Geraldine Somerville,Christmas in the Highlands
Geraldine Somerville,Casualty
Geraldine Somerville,The Inspector Lynley Mysteries
Geraldine Somerville,Jilting Joe
Geraldine Somerville,Prime Suspect 1973
Geraldine Somerville,Fair Play
Geraldine Somerville,Harry Potter and the Order of the Phoenix
Geraldine Somerville,Survivors
Geraldine Somerville,Harry Potter and the Deathly Hallows: Part 2
Geraldine Somerville,Daphne
Geraldine Somerville,Harry Potter and the Goblet of Fire
Geraldine Somerville,New Tricks
Geraldine Somerville,The Riot Club
Geraldine Somerville,The Deep Blue Sea
Geraldine Somerville,The Gentlemen
Geraldine Somerville,Harry Potter and the Half-Blood Prince
Geraldine Somerville,Silent Witness
Geraldine Somerville,Close My Eyes
Geraldine Somerville,The Black Velvet Gown
Geraldine Somerville,Inspector George Gently
Geraldine Somerville,Harry Potter and the Philosopher's Stone
Geraldine Somerville,Grace of Monaco
Adrian Rawlins,Misfits
Adrian Rawlins,Lewis
Adrian Rawlins,Glue
Adrian Rawlins,Bridgend
Adrian Rawlins,Chance in a Million
Adrian Rawlins,Innocent
Adrian Rawlins,Trial & Retribution
Adrian Rawlins,I Live With Me Dad
Adrian Rawlins,She's Out
Adrian Rawlins,Reykjavik
Adrian Rawlins,Silent Witness
Adrian Rawlins,Blood
Adrian Rawlins,The Old Curiosity Shop
Adrian Rawlins,Widows
Adrian Rawlins,Small Axe
Adrian Rawlins,The Colour Room
Adrian Rawlins,My Brother Tom
Adrian Rawlins,Breaking the Waves
Adrian Rawlins,The Ginger Tree
Adrian Rawlins,Soldier Soldier
Adrian Rawlins,Running Late
Adrian Rawlins,Susan Hill's Ghost Story
Adrian Rawlins,The Woman in Black 2: Angel of Death
Adrian Rawlins,Harry Potter and the Prisoner of Azkaban
Adrian Rawlins,Undergods
Adrian Rawlins,Badger
Adrian Rawlins,Chernobyl
Adrian Rawlins,The Sixth Commandment
Adrian Rawlins,Mountains of the Moon
Adrian Rawlins,The Woman in Black
Adrian Rawlins,One Life
Adrian Rawlins,Different for Girls
Adrian Rawlins,Spooks
Adrian Rawlins,Moonflower Murders
Adrian Rawlins,Star Wars: Andor
Adrian Rawlins,Harry Potter and the Goblet of Fire
Adrian Rawlins,The Man from Snowy River
Adrian Rawlins,The Four Minute Mile
Adrian Rawlins,Harry Potter and the Deathly Hallows: Part 1
Adrian Rawlins,The Inner Sanctuary
Adrian Rawlins,Tom Clancy's Without Remorse
Adrian Rawlins,All Creatures Great & Small
Adrian Rawlins,War and Peace
Adrian Rawlins,10 Days to War
Adrian Rawlins,Tales of the Fourth Dimension
Adrian Rawlins,Darkest Hour
Adrian Rawlins,The Raven
Adrian Rawlins,Dalziel & Pascoe
Adrian Rawlins,Mrs Biggs
Adrian Rawlins,Revolution
Adrian Rawlins,Intruders
Adrian Rawlins,Agatha Christie's Marple
Adrian Rawlins,Ahead of the Class
Adrian Rawlins,The Inspector Lynley Mysteries
Adrian Rawlins,Life Line
Adrian Rawlins,Harry Potter and the Deathly Hallows: Part 2
Geraldine Somerville,The Girl
Geraldine Somerville,Harry Potter and the Deathly Hallows: Part 1
Geraldine Somerville,Sixty Six
Adrian Rawlins,Sunburn
Adrian Rawlins,Wilbur Wants to Kill Himself
Adrian Rawlins,The Stretford Wives
Adrian Rawlins,Living
Adrian Rawlins,Doctor Who
Adrian Rawlins,The White Princess
Adrian Rawlins,Midsomer Murders
Adrian Rawlins,Clapham Junction
Adrian Rawlins,Hunter
Adrian Rawlins,Grace
Adrian Rawlins,Mary & George
Adrian Rawlins,By Any Means
Adrian Rawlins,Hear the Silence
Adrian Rawlins,Death in Paradise
Adrian Rawlins,Father Brown
Adrian Rawlins,Casualty
Adrian Rawlins,Harry Potter and the Order of the Phoenix
Adrian Rawlins,New Tricks
Adrian Rawlins,A Discovery of Witches
Adrian Rawlins,Tears Before Bedtime
Adrian Rawlins,Harry Potter and the Philosopher's Stone
Adrian Rawlins,Slow Horses
Adrian Rawlins,Seduction
Elizabeth Spriggs,Jeeves and Wooster
Elizabeth Spriggs,Love Soup
Elizabeth Spriggs,Shackleton
Elizabeth Spriggs,The Haunting of Cassie Palmer
Elizabeth Spriggs,The Adventures of Young Indiana Jones: Adventures in the Secret Service
Elizabeth Spriggs,Simon and the Witch
Elizabeth Spriggs,Impromptu
Elizabeth Spriggs,Anglo Saxon Attitudes
Elizabeth Spriggs,The Queen of Sheba's Pearls
Elizabeth Spriggs,The Thirteenth Day of Christmas
Elizabeth Spriggs,Jericho
Elizabeth Spriggs,Victorian Scandals
Elizabeth Spriggs,The Merry Wives of Windsor
Elizabeth Spriggs,Play for Today
Elizabeth Spriggs,Is Anybody There?
Elizabeth Spriggs,The Cause
Elizabeth Spriggs,All's Well That Ends Well
Elizabeth Spriggs,BBC Play of the Month
Elizabeth Spriggs,The Enigma
Elizabeth Spriggs,Time for Murder
Elizabeth Spriggs,The Last Vampyre
Elizabeth Spriggs,For My Baby
Elizabeth Spriggs,Intensive Care
Elizabeth Spriggs,Watching
Elizabeth Spriggs,Fothergill
Elizabeth Spriggs,The Barber of Siberia
Elizabeth Spriggs,Soldier Soldier
Elizabeth Spriggs,Lady Chatterley's Lover
Elizabeth Spriggs,Those Glory Glory Days
Elizabeth Spriggs,The Young Indiana Jones Chronicles
Elizabeth Spriggs,Kind of Living
Elizabeth Spriggs,Prometheus: The Life of Balzac
Elizabeth Spriggs,Shine on Harvey Moon
Elizabeth Spriggs,An Unsuitable Job for a Woman
Elizabeth Spriggs,Takin' Over the Asylum
Elizabeth Spriggs,Oranges Are Not the Only Fruit
Elizabeth Spriggs,Festival
Elizabeth Spriggs,The BBC Television Shakespeare
Elizabeth Spriggs,Tales from the Crypt
Elizabeth Spriggs,Bergerac
Elizabeth Spriggs,Rust
Elizabeth Spriggs,Richard's Things
Elizabeth Spriggs,Objects of Affection
Elizabeth Spriggs,Survival of the Fittest
Elizabeth Spriggs,Alice in Wonderland
Elizabeth Spriggs,Sense and Sensibility
Elizabeth Spriggs,Middlemarch
Elizabeth Spriggs,Julius Caesar
Elizabeth Spriggs,Afternoon Off
Elizabeth Spriggs,The Glittering Prizes
Elizabeth Spriggs,Martin Chuzzlewit
Elizabeth Spriggs,The Kindness of Mrs Radcliffe
Elizabeth Spriggs,Black and Blue
Harry Taylor,Mission Manila
Harry Taylor,Dark Shadows
Harry Taylor,The Trip to Greece
Harry Taylor,The Da Vinci Code
Harry Taylor,Demon of Paradise
Harry Taylor,Enid
Harry Taylor,Charlie and the Chocolate Factory
Harry Taylor,Harry Potter and the Chamber of Secrets
Harry Taylor,Harry Potter and the Philosopher's Stone
Harry Taylor,Alice in Wonderland
Harry Taylor,Sweeney Todd: The Demon Barber of Fleet Street
Elizabeth Spriggs,The Old Devils
Elizabeth Spriggs,Doctor Who: Paradise Towers
Elizabeth Spriggs,3 Into 2 Won't Go
Elizabeth Spriggs,The Sleeper
Elizabeth Spriggs,Sherlock Holmes
Elizabeth Spriggs,Fox
Elizabeth Spriggs,The Ruth Rendell Mysteries
Elizabeth Spriggs,Nice Guy Eddie
Elizabeth Spriggs,The Expert
Elizabeth Spriggs,The Hour of the Pig
Elizabeth Spriggs,Leeds United!
Elizabeth Spriggs,Wives and Daughters
Elizabeth Spriggs,Sakharov
Elizabeth Spriggs,Heartbeat
Elizabeth Spriggs,Parker
Elizabeth Spriggs,Class Act
Elizabeth Spriggs,Randall & Hopkirk (Deceased)
Elizabeth Spriggs,James Ellis: An Actor's Life
Elizabeth Spriggs,Agatha Christie's Poirot
Elizabeth Spriggs,Doctor Who
Elizabeth Spriggs,The Devil's Disciple
Elizabeth Spriggs,The Secret Agent
Elizabeth Spriggs,Our Winnie
Elizabeth Spriggs,A Christmas Carol
Elizabeth Spriggs,The Dybbuk
Elizabeth Spriggs,Paradise Road
Elizabeth Spriggs,Tales of the Unexpected
Elizabeth Spriggs,Able's Will
Elizabeth Spriggs,Midsomer Murders
Elizabeth Spriggs,Love Letters on Blue Paper
Elizabeth Spriggs,Work Is a 4-Letter Word
Elizabeth Spriggs,Spider's Web
Elizabeth Spriggs,Casualty
Elizabeth Spriggs,Young Charlie Chaplin
Elizabeth Spriggs,Lovejoy
Elizabeth Spriggs,The Royal
Elizabeth Spriggs,A Pinch of Snuff
Elizabeth Spriggs,The Cold Room
Elizabeth Spriggs,Harry Potter and the Philosopher's Stone
Verne Troyer,Celebrity Juice: Too Juicy For TV 2!
Verne Troyer,Postal
Verne Troyer,Austin Powers in Goldmember
Verne Troyer,The Girls Next Door
Verne Troyer,Scrubs
Verne Troyer,Fra Sydhavn til West Coast
Verne Troyer,Madonna: The Video Collection 93:99
Verne Troyer,Mighty Joe Young
Verne Troyer,V.I.P.
Verne Troyer,My Giant
Verne Troyer,Through the Keyhole
Verne Troyer,Celebrity Big Brother
Verne Troyer,Teen Choice Awards
Verne Troyer,Keith Lemon: The Film
Verne Troyer,Playboy Mansion Parties Uncensored
Verne Troyer,"Trailer Park Boys: Drunk, High and Unemployed: Live In Austin"
Verne Troyer,Whose Line Is It Anyway?
Verne Troyer,Pinocchio's Revenge
Verne Troyer,Half & Half
Verne Troyer,Instinct
Verne Troyer,The Adventures of Uncle Colt and Cletus: Hedge-Hoggin
Verne Troyer,The Alan Titchmarsh Show
Verne Troyer,Volcano
Verne Troyer,Bit Players
Verne Troyer,Wishmaster
Verne Troyer,Bubble Boy
Verne Troyer,My 90 Year Old Roommate
Verne Troyer,Gnome Alone
Verne Troyer,Boston Public
Verne Troyer,The 420 Movie
Verne Troyer,Masked Rider
Verne Troyer,Live from Studio Five
Verne Troyer,I Hate Christian Laettner
Verne Troyer,College
Verne Troyer,The Surreal Life: Fame Games
Verne Troyer,Raw
Verne Troyer,Celebrity Juice
Verne Troyer,Good Mythical Crew
Verne Troyer,The Love Guru
Verne Troyer,Karroll's Christmas
Verne Troyer,The Surreal Life
Verne Troyer,The Imaginarium of Doctor Parnassus
Verne Troyer,Convenience
Verne Troyer,Hard Cash
Verne Troyer,Shasta McNasty
Verne Troyer,Here Lies Lonely
Verne Troyer,Jack of All Trades
Verne Troyer,The Wacky Adventures of Ronald McDonald: The Visitors from Outer Space
Verne Troyer,Fear and Loathing in Las Vegas
Verne Troyer,Men in Black
Verne Troyer,Pauly Shore Is Dead
Verne Troyer,Welcome to Sweden
Verne Troyer,Jingle All the Way
Verne Troyer,Austin Powers: The Spy Who Shagged Me
Verne Troyer,"Aliens, Clowns & Geeks"
Verne Troyer,The Wacky Adventures of Ronald McDonald: The Legend of Grimace Island
Verne Troyer,E! True Hollywood Story
Verne Troyer,The Wacky Adventures of Ronald McDonald: Scared Silly
Verne Troyer,Harry Potter and the Philosopher's Stone
Verne Troyer,How the Grinch Stole Christmas
Verne Troyer,"Sabrina, the Teenage Witch"
Verne Troyer,The View
Luke Youngblood,Baby Shark's Big Movie
Luke Youngblood,Galavant
Luke Youngblood,White Famous
Luke Youngblood,Fast & Furious Spy Racers
Luke Youngblood,The Story of Tracy Beaker
Luke Youngblood,The IMAX Nutcracker
Luke Youngblood,Community
Luke Youngblood,We Baby Bears
Luke Youngblood,Glitch Techs
Luke Youngblood,"Do, Re & Mi"
Luke Youngblood,Harry Potter: Hogwarts Tournament of Houses
Luke Youngblood,In Hollywoodland
Luke Youngblood,Useless Humans
Luke Youngblood,Dr. Ken
Luke Youngblood,Fantastic Friends
Luke Youngblood,Glee
Luke Youngblood,An Orgy in Joshua Tree
Luke Youngblood,The Witcher: Nightmare of the Wolf
Luke Youngblood,Baby Shark's Big Show!
Luke Youngblood,Bubble Guppies
Luke Youngblood,Harry Potter and the Chamber of Secrets
Luke Youngblood,Harry Potter and the Philosopher's Stone
Bonnie Wright,Agatha Christie: A Life in Pictures
Bonnie Wright,Who Killed Nelson Nutmeg?
Bonnie Wright,David Holmes: The Boy Who Lived
Bonnie Wright,Before I Sleep
Bonnie Wright,My Dad Is Scrooge
Bonnie Wright,Sextant - Pisces
Bonnie Wright,A Christmas Carol
Bonnie Wright,After the Dark
Bonnie Wright,Stranded
Bonnie Wright,Harry Potter and the Prisoner of Azkaban
Bonnie Wright,Medusa's Ankles
Bonnie Wright,The Sea
Bonnie Wright,Know Thyself
Bonnie Wright,The Great Sport Relief Bake Off
Bonnie Wright,Fantastic Friends
Bonnie Wright,"Separate We Come, Separate We Go"
Bonnie Wright,Harry Potter: Wizards of Baking
Bonnie Wright,Sweat
Bonnie Wright,Harry Potter and the Order of the Phoenix
Bonnie Wright,The Replacements
Bonnie Wright,Harry Potter and the Deathly Hallows: Part 2
Bonnie Wright,Harry Potter and the Goblet of Fire
Bonnie Wright,How (Not) to Rob a Train
Bonnie Wright,Those Who Wander
Bonnie Wright,Harry Potter and the Half-Blood Prince
Bonnie Wright,Disney Parks Christmas Day Parade
Bonnie Wright,Harry Potter and the Chamber of Secrets
Bonnie Wright,Harry Potter and the Philosopher's Stone
Bonnie Wright,Harry Potter and the Deathly Hallows: Part 1
Bonnie Wright,Harry Potter 20th Anniversary: Return to Hogwarts
Julie Walters,Wah-Wah
Julie Walters,Melissa
Julie Walters,Car Trouble
Julie Walters,Personal Services
Julie Walters,Sherlock Gnomes
Julie Walters,Comedy Connections
Julie Walters,Requiem Apache
Julie Walters,The Queen's Corgi
Julie Walters,Film Stars Don't Die in Liverpool
Julie Walters,G.B.H.
Julie Walters,Paddington 2
Julie Walters,Gnomeo & Juliet
Julie Walters,Victoria Wood with All the Trimmings
Julie Walters,There's Something About Romcoms
Julie Walters,Wogan
Julie Walters,Victoria Wood
Julie Walters,Dreamchild
Julie Walters,Prick Up Your Ears
Julie Walters,Mamma Mia!
Julie Walters,Victoria Wood In Her Own Words
Julie Walters,Sister My Sister
Julie Walters,The Return
Julie Walters,Master Moley by Royal Invitation
Julie Walters,Mary Poppins Returns
Julie Walters,Me! I'm Afraid of Virginia Woolf
Julie Walters,Unfair Exchanges
Julie Walters,The Legend of Mor'du
Julie Walters,Play for Today
Julie Walters,Mack the Knife
Julie Walters,Acorn Antiques: The Musical
Julie Walters,The Secret Garden
Julie Walters,What Would Julie Do?
Julie Walters,The Harry Hill Movie
Julie Walters,Harry Potter and the Half-Blood Prince
Julie Walters,The Magical World of Julia Donaldson
Julie Walters,Girls' Night
Julie Walters,A Short Stay in Switzerland
Julie Walters,Roald Dahl's Most Marvellous Book
Julie Walters,Acorn Antiques
Julie Walters,Intensive Care
Julie Walters,Occupy!
Julie Walters,Murder
Julie Walters,Wood and Walters
Julie Walters,Intimate Relations
Julie Walters,Driving Lessons
Julie Walters,An Audience with Billy Connolly
Julie Walters,Natural World
Julie Walters,The Queen: 70 Glorious Years
Julie Walters,Boys from the Blackstuff
Julie Walters,Say Something Happened
Julie Walters,Harry Potter and the Prisoner of Azkaban
Julie Walters,My Beautiful Son
Julie Walters,Weasels: Feisty and Fearless
Julie Walters,Parkinson
Julie Walters,Jake's Progress
Julie Walters,Buster
Julie Walters,An Audience with...
Julie Walters,Who Do You Think You Are?
Julie Walters,Victoria Wood's Midlife Christmas
Julie Walters,Brooklyn
Julie Walters,Talent
Julie Walters,Playhouse
Julie Walters,Victoria Wood As Seen On TV
Julie Walters,Objects of Affection
Julie Walters,Chefs' Burnt Bits
Julie Walters,The Ruby in the Smoke
Julie Walters,A Grand Night In: The Story of Aardman
Julie Walters,Nearly a Happy Ending
Julie Walters,Mo
Julie Walters,Stepping Out
Julie Walters,Artsnight
Julie Walters,Bathtime
Julie Walters,This Morning
Julie Walters,Bambino Mio
Julie Walters,Harry Potter and the Deathly Hallows: Part 1
Julie Walters,Mamma Mia! Here We Go Again
Julie Walters,Oliver Twist
Julie Walters,Just Like a Woman
Julie Walters,Calendar Girls
Julie Walters,Becoming Jane
Julie Walters,She'll Be Wearing Pink Pyjamas
Julie Walters,National Theatre Live: The Last of the Haussmans
Julie Walters,The Hollow Crown
Julie Walters,Filth: The Mary Whitehouse Story
Julie Walters,Birthing Mamma Mia!
Julie Walters,Talking Heads
Julie Walters,The Birthday Party
Julie Walters,50 Greatest Harry Potter Moments
Julie Walters,Before You Go
Julie Walters,Victoria Wood's All Day Breakfast
Julie Walters,Effie Gray
Julie Walters,Parkinson at 50
Julie Walters,When Harry Left Hogwarts
Julie Walters,Julie Walters and Friends
Julie Walters,The Glass Box
Julie Walters,Justin and the Knights of Valour
Julie Walters,Wild Rose
Julie Walters,Michael Caine: Breaking the Mold
Julie Walters,An Audience With Victoria Wood
Julie Walters,Paddington
Julie Walters,Theatre Night
Julie Walters,The Secret Diary of Adrian Mole Aged 13¾
Julie Walters,Britain's Busiest Airport: Heathrow
Julie Walters,Days at the Beach
Julie Walters,Brazen Hussies
Julie Walters,Talking Heads 2
Julie Walters,Ahead of the Class
Julie Walters,National Treasure
Julie Walters,The Oscars
Julie Walters,Empire Road
Julie Walters,Harry Potter and the Philosopher's Stone
Julie Walters,Harry Potter and the Deathly Hallows: Part 2
Julie Walters,Jack and the Beanstalk: The ITV Pantomime
Julie Walters,GMTV
Julie Walters,Little Red Riding Hood
Julie Walters,Pat and Margaret
Julie Walters,Happy Since I Met You
Julie Walters,The Jury
Julie Walters,The Graham Norton Show
Julie Walters,Titanic Town
Julie Walters,The Secret Life of Sue Townsend (Aged 68 3/4)
Julie Walters,The Vicar of Dibley: Inside Out
Julie Walters,Victoria Wood's Short Term Memories
Julie Walters,Coastal Railways with Julie Walters
Julie Walters,Hetty Wainthropp Investigates
Julie Walters,The National Television Awards Celebrate 25 Years
Julie Walters,The One Show
Julie Walters,dinnerladies
Julie Walters,"Soldiers Talking, Cleanly"
Julie Walters,The Summer House
Julie Walters,One Chance
Julie Walters,Billy Elliot
Julie Walters,Indian Summers
Julie Walters,Mamma Mia! 3
Julie Walters,Dawn French's Girls Who Do Comedy
Julie Walters,An Audience with Mel Brooks
Julie Walters,Lover's Prayer
Julie Walters,A Life on Screen
Julie Walters,Paddington in Peru
Julie Walters,Moley
Julie Walters,Brave
Julie Walters,Harry Potter and the Order of the Phoenix
Julie Walters,For The Love Of Britain
Julie Walters,The Queen and Us
Julie Walters,Mickybo and Me
Julie Walters,Educating Rita
Julie Walters,Club Havana
Julie Walters,Canterbury Tales
Julie Walters,Wide-Eyed and Legless
Julie Walters,Harry Potter and the Chamber of Secrets
Julie Walters,Very British Problems
Julie Walters,Killing Dad (Or How to Love Your Mother)
Julie Walters,Let's Do It: A Tribute to Victoria Wood
Julie Walters,The Abominable Snow Baby
Devon Murray,Harry Potter and the Deathly Hallows: Part 2
Devon Murray,Harry Potter and the Goblet of Fire
Devon Murray,Damo & Ivor: The Movie
Devon Murray,Yesterday's Children
Devon Murray,Angela's Ashes
Devon Murray,This Is My Father
Devon Murray,Harry Potter and the Half-Blood Prince
Devon Murray,Harry Potter and the Prisoner of Azkaban
Devon Murray,Harry Potter and the Chamber of Secrets
Devon Murray,Harry Potter and the Philosopher's Stone
Devon Murray,Harry Potter and the Deathly Hallows: Part 1
Devon Murray,Harry Potter and the Order of the Phoenix
Jamie Waylett,Harry Potter and the Goblet of Fire
Jamie Waylett,Harry Potter and the Prisoner of Azkaban
Jamie Waylett,Harry Potter and the Half-Blood Prince
Jamie Waylett,Harry Potter and the Chamber of Secrets
Jamie Waylett,Harry Potter and the Philosopher's Stone
Jamie Waylett,Harry Potter and the Order of the Phoenix
Steve Kloves,Fantastic Mr. Fox
Steve Kloves,A Look Through His Lens
Robert Legato,Learning to Drive
Robert Legato,Shutter Island
Robert Legato,Misery Loves Comedy
Robert Legato,Shoot the Moon: The Making of 'Hugo'
Robert Legato,The Wolf of Wall Street
Robert Legato,Birdman or (The Unexpected Virtue of Ignorance)
Robert Legato,In the Shadow of the Vampire: The Making of Interview with the Vampire
Robert Legato,HBO First Look
Robert Legato,"Hugo: Big Effects, Small Scale"
J.K. Rowling,Richard & Judy
J.K. Rowling,The Simpsons
J.K. Rowling,Fantastic Beasts and Where to Find Them
J.K. Rowling,Tigerenten Club
J.K. Rowling,Peter Kay: 20 Years of Funny
J.K. Rowling,The New Ten Commandments
J.K. Rowling,Friday Night with Jonathan Ross
J.K. Rowling,London 2012 Olympic Opening Ceremony: Isles of Wonder
J.K. Rowling,50 Greatest Harry Potter Moments
J.K. Rowling,Harry Potter
J.K. Rowling,Fantastic Beasts: A Natural History
J.K. Rowling,A Conversation With JK Rowling and Daniel Radcliffe
J.K. Rowling,Discovering the Real World of Harry Potter
J.K. Rowling,Harry Potter and the Prisoner of Azkaban
J.K. Rowling,The Magic Touch of Harry Potter
J.K. Rowling,Tom Felton Meets the Superfans
J.K. Rowling,A Conversation with J.K. Rowling and Daniel Radcliffe
J.K. Rowling,Who Do You Think You Are?
J.K. Rowling,The Magical World of Harry Potter: The Unauthorized Story of J.K. Rowling
J.K. Rowling,Fantastic Beasts: The Secrets of Dumbledore
J.K. Rowling,The Casual Vacancy
J.K. Rowling,Strike
J.K. Rowling,Fantastic Beasts: The Crimes of Grindelwald
J.K. Rowling,Harry Potter and the Deathly Hallows: Part 2
J.K. Rowling,The Importance of Being Morrissey
J.K. Rowling,J.K. Rowling: A Year in the Life
J.K. Rowling,Behind Closed Doors with Natalie Morales
J.K. Rowling,Harry Potter: A History Of Magic
J.K. Rowling,Harry Potter and the Deathly Hallows: Part 1
J.K. Rowling,Harry Potter 20th Anniversary: Return to Hogwarts
J.K. Rowling,J. K. Rowling: The Interview
Josh Herdman,The Games
Josh Herdman,Two Graves
Josh Herdman,No Way Home
Josh Herdman,The Man Who Fell to Earth
Josh Herdman,Harry Potter and the Prisoner of Azkaban
Josh Herdman,Near the city
Josh Herdman,Robin Hood
Josh Herdman,Alex Rider
Josh Herdman,Sink
Josh Herdman,Star Wars: Andor
Josh Herdman,Harry Potter and the Order of the Phoenix
Josh Herdman,Harry Potter and the Deathly Hallows: Part 2
Josh Herdman,Harry Potter and the Goblet of Fire
Josh Herdman,Piggy
Josh Herdman,Harry Potter and the Half-Blood Prince
Josh Herdman,Common People
Josh Herdman,Harry Potter and the Chamber of Secrets
Josh Herdman,Harry Potter and the Philosopher's Stone
Josh Herdman,Harry Potter and the Deathly Hallows: Part 1
Zoë Wanamaker,Ball-Trap On The Cote Sauvage
Zoë Wanamaker,Adrian Mole: The Cappuccino Years
Zoë Wanamaker,Performance
Zoë Wanamaker,Strike: The Birth of Solidarity
Zoë Wanamaker,The Raggedy Rawney
Zoë Wanamaker,Babs
Zoë Wanamaker,The Dog It Was That Died
Zoë Wanamaker,Baal
Zoë Wanamaker,Inspector Morse
Zoë Wanamaker,National Theatre Live: The Cherry Orchard
Zoë Wanamaker,The Real Amityville Horror
Zoë Wanamaker,Muse of Fire
Zoë Wanamaker,The Old Curiosity Shop
Zoë Wanamaker,Swept from the Sea
Zoë Wanamaker,Gormenghast
Zoë Wanamaker,Poor Little Rich Girl: The Barbara Hutton Story
Zoë Wanamaker,Natural World
Zoë Wanamaker,A Dance to the Music of Time
Zoë Wanamaker,Killing Eve
Zoë Wanamaker,Prime Suspect
Zoë Wanamaker,Memento Mori
Zoë Wanamaker,Edge of Darkness
Zoë Wanamaker,My Family
Zoë Wanamaker,The BBC Television Shakespeare
Zoë Wanamaker,The Eagle Has Landed
Zoë Wanamaker,Who Do You Think You Are?
Zoë Wanamaker,Bergerac
Zoë Wanamaker,It's a Wonderful Afterlife
Zoë Wanamaker,Wodehouse In Exile
Zoë Wanamaker,Manson: The Lost Tapes
Zoë Wanamaker,Five Children and It
Zoë Wanamaker,Love Hurts
Zoë Wanamaker,David Copperfield
Zoë Wanamaker,Piaf
Zoë Wanamaker,The Blackheath Poisonings
Zoë Wanamaker,Ochberg's Orphans
Zoë Wanamaker,Eilish: Life Without Katie
Zoë Wanamaker,The Story of Pantomime
Zoë Wanamaker,The Countess Alice
Zoë Wanamaker,Screen Two
Zoë Wanamaker,All My Sons
Zoë Wanamaker,Return to the Falklands
Zoë Wanamaker,Hitler: The Last Ten Days
Zoë Wanamaker,The Widowing of Mrs. Holroyd
Zoë Wanamaker,ShakespeaRe-Told
Zoë Wanamaker,The Man Who Fell to Earth
Zoë Wanamaker,The Cleaner
Zoë Wanamaker,My Family and The Galapagos
Zoë Wanamaker,Danton's Death
Zoë Wanamaker,Wilde
Zoë Wanamaker,Britannia
Zoë Wanamaker,"Cinema, Sex, Politics: Bertolucci Makes ‘The Dreamers’"
Zoë Wanamaker,Shakespeare's Globe
Zoë Wanamaker,Agatha Christie's Marple
Zoë Wanamaker,Paradise Postponed
Zoë Wanamaker,The Devil's Crown
Zoë Wanamaker,Girlfriends
Zoë Wanamaker,All Mod Cons
Zoë Wanamaker,My Week with Marilyn
Zoë Wanamaker,Inside No. 9
Zoë Wanamaker,Doctor Who
Zoë Wanamaker,Worzel Gummidge
Zoë Wanamaker,Richard & Judy
Zoë Wanamaker,1944: Should We Bomb Auschwitz?
Zoë Wanamaker,Agatha Christie's Poirot
Zoë Wanamaker,Pebble Mill
Zoë Wanamaker,Handmade: By Royal Appointment
Zoë Wanamaker,Jennie: Lady Randolph Churchill
Zoë Wanamaker,The Magical Legend of the Leprechauns
Zoë Wanamaker,A Christmas Carol
Zoë Wanamaker,Tales of the Unexpected
Zoë Wanamaker,Criminal Record
Zoë Wanamaker,Johnny and the Bomb
Zoë Wanamaker,Captcha
Zoë Wanamaker,National Theatre Live: Constellations
Zoë Wanamaker,Inside the Third Reich
Zoë Wanamaker,Shadow and Bone
Zoë Wanamaker,Mr Selfridge
Zoë Wanamaker,Shakespeare: The Animated Tales
Zoë Wanamaker,A Waste of Shame: The Mystery of Shakespeare and His Sonnets
Zoë Wanamaker,The Tragedy of Richard III
Zoë Wanamaker,Doctor Who Greatest Moments
Zoë Wanamaker,Othello
Zoë Wanamaker,Tony Awards
Zoë Wanamaker,Harry Potter and the Philosopher's Stone
Richard Cole,Encounter: UFO
John Richardson,Inside Q's Lab
actor,movie_or_TV_name
Daniel Radcliffe,The Tonight Show with Jay Leno
Daniel Radcliffe,Who Do You Think You Are?
Daniel Radcliffe,The Early Show
Daniel Radcliffe,Harry Potter and the Goblet of Fire
Daniel Radcliffe,Imperium
Daniel Radcliffe,Fry and Laurie Reunited
Daniel Radcliffe,Playmobil: The Movie
Daniel Radcliffe,Taff
Daniel Radcliffe,QI
Daniel Radcliffe,Have I Got News for You
Daniel Radcliffe,Off Camera with Sam Jones
Daniel Radcliffe,The Kumars
Daniel Radcliffe,50 Greatest Harry Potter Moments
Daniel Radcliffe,Lost in London
Daniel Radcliffe,Late Night with Seth Meyers
Daniel Radcliffe,Hot Ones
Daniel Radcliffe,Have I Got a Bit More News for You
Daniel Radcliffe,Mulligan
Daniel Radcliffe,BoJack Horseman
Daniel Radcliffe,Guns Akimbo
Daniel Radcliffe,Ant & Dec's Saturday Night Takeaway
Daniel Radcliffe,The Late Show with Stephen Colbert
Daniel Radcliffe,The View
Daniel Radcliffe,Conan
Daniel Radcliffe,Digman!
Daniel Radcliffe,TRL
Daniel Radcliffe,Extras
Daniel Radcliffe,Horns
Daniel Radcliffe,Rachael Ray
Daniel Radcliffe,David Holmes: The Boy Who Lived
Daniel Radcliffe,LIVE with Kelly and Mark
Daniel Radcliffe,Friday Night with Jonathan Ross
Daniel Radcliffe,Now You See Me 2
Daniel Radcliffe,Swiss Army Man
Daniel Radcliffe,The Kelly Clarkson Show
Daniel Radcliffe,Endgame
Daniel Radcliffe,Jungle
Daniel Radcliffe,Harry Potter and the Prisoner of Azkaban
Daniel Radcliffe,The Tonight Show Starring Jimmy Fallon
Daniel Radcliffe,Unbreakable Kimmy Schmidt: Kimmy vs. the Reverend
Daniel Radcliffe,What If
Daniel Radcliffe,Miracle Workers
Daniel Radcliffe,Kill Your Darlings
Daniel Radcliffe,Batso
Daniel Radcliffe,Tom Felton Meets the Superfans
Daniel Radcliffe,Rick and Morty
Daniel Radcliffe,A Young Doctor's Notebook
Daniel Radcliffe,Trailblazer Honors
Daniel Radcliffe,Trainwreck
Daniel Radcliffe,David Copperfield
Daniel Radcliffe,Escape from Pretoria
Daniel Radcliffe,Music by John Williams
Daniel Radcliffe,Harry Potter 20th Anniversary: Return to Hogwarts
Daniel Radcliffe,The Gamechangers
Daniel Radcliffe,The Simpsons
Daniel Radcliffe,The Robot Chicken Walking Dead Special: Look Who's Walking
Daniel Radcliffe,Weird: The Al Yankovic Story
Daniel Radcliffe,Harry Potter and the Half-Blood Prince
Daniel Radcliffe,Victor Frankenstein
Daniel Radcliffe,Beast of Burden
Daniel Radcliffe,The Tailor of Panama
Daniel Radcliffe,December Boys
Daniel Radcliffe,Harry Potter and the Chamber of Secrets
Daniel Radcliffe,Trust the Man
Daniel Radcliffe,Unbreakable Kimmy Schmidt: Kimmy vs. the Music: A Live Singing Contest (That's Live)
Daniel Radcliffe,Tony Awards
Daniel Radcliffe,The Magic Touch of Harry Potter
Daniel Radcliffe,Robot Chicken
Daniel Radcliffe,The Frame
Daniel Radcliffe,Merrily We Roll Along
Daniel Radcliffe,GMTV
Daniel Radcliffe,Rove
Daniel Radcliffe,2 Dope Queens
Daniel Radcliffe,My Boy Jack
Daniel Radcliffe,Saturday Night Live
Daniel Radcliffe,Lie Detector
Daniel Radcliffe,Late Night with Conan O'Brien
Daniel Radcliffe,Extrapolations
Daniel Radcliffe,The Jonathan Ross Show
Daniel Radcliffe,Leute heute
Daniel Radcliffe,Harry Potter and the Order of the Phoenix
Daniel Radcliffe,The Children's Party at the Palace
Daniel Radcliffe,The Ellen DeGeneres Show
Daniel Radcliffe,Trailing Tonks
Daniel Radcliffe,Daniel Radcliffe: Being Harry Potter
Daniel Radcliffe,The Last Leg
Daniel Radcliffe,When Harry Left Hogwarts
Daniel Radcliffe,Live from Studio Five
Daniel Radcliffe,Harry Potter and the Deathly Hallows: Part 1
Daniel Radcliffe,The Woman in Black
Daniel Radcliffe,Harry Potter and the Philosopher's Stone
Daniel Radcliffe,Harry Potter and the Deathly Hallows: Part 2
Daniel Radcliffe,The Daily Show
Daniel Radcliffe,The Lost City
Daniel Radcliffe,National Theatre Live: Rosencrantz & Guildenstern Are Dead
Daniel Radcliffe,The Graham Norton Show
Daniel Radcliffe,Endgame & Rough for Theatre II
Daniel Radcliffe,(K)nox: The Rob Knox Story
Daniel Radcliffe,Inside the Actors Studio
Daniel Radcliffe,100 Years of Warner Bros.
Daniel Radcliffe,A Conversation with J.K. Rowling and Daniel Radcliffe
Daniel Radcliffe,Circus Kid
Daniel Radcliffe,The Art of Breaking Character
Daniel Radcliffe,Good Mythical Morning
Daniel Radcliffe,Carole & Grey
Daniel Radcliffe,Watch What Happens Live with Andy Cohen
Leilah Sutherland,Harry Potter and the Philosopher's Stone
Danielle Tabor,Harry Potter and the Prisoner of Azkaban
Danielle Tabor,Harry Potter and the Chamber of Secrets
Danielle Tabor,Harry Potter and the Philosopher's Stone
Ben Borowiecki,Harry Potter and the Chamber of Secrets
Ben Borowiecki,Harry Potter and the Philosopher's Stone
David Holmes,In Praise of Action
David Holmes,Harry Potter and the Chamber of Secrets
David Holmes,David Holmes: The Boy Who Lived
David Holmes,Bedazzled
David Holmes,Harry Potter and the Philosopher's Stone
Emily Dale,Harry Potter and the Chamber of Secrets
Emily Dale,Harry Potter and the Philosopher's Stone
Will Theakston,The Ghost Hunter
Will Theakston,Harry Potter and the Philosopher's Stone
Jamie Yeates,Mr. Bean
Jamie Yeates,Harry Potter and the Chamber of Secrets
Jamie Yeates,Harry Potter and the Philosopher's Stone
Eleanor Columbus,Home Alone 2: Lost in New York
Eleanor Columbus,Rent
Eleanor Columbus,Harry Potter and the Chamber of Secrets
Eleanor Columbus,Nine Months
Eleanor Columbus,In Search of Dr. Seuss
Eleanor Columbus,Stepmom
Eleanor Columbus,Harry Potter and the Philosopher's Stone
Ray Fearon,As If
Ray Fearon,Waking the Dead
Ray Fearon,An Audience with...
Ray Fearon,Father Christmas Is Back
Ray Fearon,Beauty and the Beast
Ray Fearon,The Girlfriend Experience
Ray Fearon,Champion
Ray Fearon,The Chef's Letter
Ray Fearon,A Christmas Carol
Ray Fearon,Barbie
Ray Fearon,Christmas in Paradise
Ray Fearon,Fleabag
Ray Fearon,Moving On
Ray Fearon,Keen Eddie
Ray Fearon,Memory
Ray Fearon,The Clandestine Marriage
Ray Fearon,The Lady of Heaven
Ray Fearon,Shakespeare & Hathaway - Private Investigators
Ray Fearon,Harry Potter and the Philosopher's Stone
Ray Fearon,Ein Sommer in Kapstadt
Ray Fearon,The Hooligan Factory
Ray Fearon,2036 Origin Unknown
Ray Fearon,Hamlet
Ray Fearon,Lessons of the Hour
Ray Fearon,Boys On Film 8: Cruel Britannia
Ray Fearon,His Dark Materials
Ray Fearon,My Fault: London
Ray Fearon,Coffee Wars
Ray Fearon,Swede Caroline
Ray Fearon,In Search of Shakespeare
Ray Fearon,Above Suspicion
Ray Fearon,Julius Caesar
Ray Fearon,Hamilton: In the Interest of the Nation
Ray Fearon,Lulu and Jimi
Ray Fearon,Cleaner
Ray Fearon,Red Dwarf: The Promised Land
Ray Fearon,One Year Off
Ray Fearon,National Theatre Live: Macbeth
Ray Fearon,Death in Paradise
Ray Fearon,The Protégé
Ray Fearon,Christmas in the Caribbean
Ray Fearon,Midsomer Murders
Ray Fearon,The Foreigner
Derek Deadman,Robin's Nest
Derek Deadman,Doctor Who: The Invasion of Time
Derek Deadman,Benny Hill's World Tour: New York!
Derek Deadman,Porridge
Derek Deadman,Funny Money
Derek Deadman,The Apple
Derek Deadman,The Sign of Four
Derek Deadman,Queen Kong
Derek Deadman,The Sooty Show
Derek Deadman,Never Say Never Again
Derek Deadman,The Knowledge
Derek Deadman,BBC2 Play of the Week
Derek Deadman,Robin Hood: Prince of Thieves
Derek Deadman,The Scarlet Pimpernel
Derek Deadman,Crush
Derek Deadman,Jabberwocky
Derek Deadman,The Modern World: Ten Great Writers
Derek Deadman,A Nightingale Sang In Berkeley Square
Derek Deadman,Harry Potter and the Philosopher's Stone
Derek Deadman,Lost In London
Derek Deadman,The Sweeney
Derek Deadman,The Beggar's Opera
Derek Deadman,Never the Twain
Derek Deadman,A Little Bit Of Wisdom
Derek Deadman,Sherlock Holmes
Derek Deadman,Morons from Outer Space
Derek Deadman,Sooty & Co.
Derek Deadman,She Fell Among Thieves
Derek Deadman,The Canterbury Tales
Derek Deadman,Doctor Who
Derek Deadman,Bread
Derek Deadman,The Darwin Adventure
Derek Deadman,Dr. Watson and the Darkwater Hall Mystery
Derek Deadman,Time Bandits
Derek Deadman,Super Gran
Derek Deadman,The Big Sleep
Derek Deadman,Honest
Derek Deadman,The Taming of the Shrew
Derek Deadman,The Glitterball
Derek Deadman,Brazil
Derek Deadman,Frankenstein: The True Story
Derek Deadman,National Lampoon's European Vacation
Simon Fisher-Becker,Reduced To Clear
Simon Fisher-Becker,Doctor Who: A Good Man Goes To War Prequel
Simon Fisher-Becker,Carnage: Swallowing the Past
Simon Fisher-Becker,Puppy Love
Simon Fisher-Becker,Les Misérables
Simon Fisher-Becker,Arrivederci Millwall
Simon Fisher-Becker,The Great Director
Simon Fisher-Becker,Harry Potter: Hogwarts Tournament of Houses
Simon Fisher-Becker,Doctor Who
Simon Fisher-Becker,Izzy Vs Jess
Simon Fisher-Becker,Harry Potter and the Philosopher's Stone
Simon Fisher-Becker,P.R.O.B.E.: Giles Case Files
Leslie Phillips,It's Only TV But I Like It
Leslie Phillips,"Don't Just Lie There, Say Something!"
Leslie Phillips,Train of Events
Leslie Phillips,Thunderpants
Leslie Phillips,King Ralph
Leslie Phillips,Maroc 7
Leslie Phillips,Love on a Branch Line
Leslie Phillips,Armchair Theatre
Leslie Phillips,The Mikado
Leslie Phillips,The House of Windsor
Leslie Phillips,Dalziel & Pascoe
Leslie Phillips,Britain's Ugliest Models
Leslie Phillips,The Comic Strip - A Retrospective
Leslie Phillips,Late Bloomers
Leslie Phillips,August
Leslie Phillips,The Comic Strip Presents...
Leslie Phillips,Bermuda Grace
Leslie Phillips,The Jackal
Leslie Phillips,I Was Monty's Double
Leslie Phillips,Doctor in Trouble
Leslie Phillips,Agatha Christie's Marple
Leslie Phillips,Who Bombed Birmingham?
Leslie Phillips,Out of Africa
Leslie Phillips,GLC: The Carnage Continues
Leslie Phillips,Blandings Castle
Leslie Phillips,Mountains of the Moon
Leslie Phillips,Saving Grace
Leslie Phillips,Is Anybody There?
Leslie Phillips,The Gong Game
Leslie Phillips,The Sound Barrier
Leslie Phillips,Colour Me Kubrick
Leslie Phillips,Inn for Trouble
Leslie Phillips,Scandal
Leslie Phillips,The Navy Lark
Leslie Phillips,Casanova '73
Leslie Phillips,The Adventures of Robin Hood
Leslie Phillips,Churchill: The Hollywood Years
Leslie Phillips,Crooks Anonymous
Leslie Phillips,What's a Carry On?
Leslie Phillips,After Death
Leslie Phillips,The Thief of Bagdad
Leslie Phillips,The Fake
Leslie Phillips,The Angry Hills
Leslie Phillips,Das Karussell des Todes
Leslie Phillips,Royal Celebration
Leslie Phillips,Aladdin: The ITV Pantomime
Leslie Phillips,Sword of Honour
Leslie Phillips,Die Katze von Kensington
Leslie Phillips,You Must Be Joking
Leslie Phillips,Venus
Leslie Phillips,The Magnificent Seven Deadly Sins
Leslie Phillips,As Long as They're Happy
Leslie Phillips,That's Carry On!
Leslie Phillips,Lassie from Lancashire
Leslie Phillips,The Four Feathers
Leslie Phillips,The Proud Valley
Leslie Phillips,The Longest Day
Leslie Phillips,The Week We Went To War
Leslie Phillips,Summer's Lease
Leslie Phillips,Raising the Wind
Leslie Phillips,Carry On Nurse
Leslie Phillips,The Fast Lady
Leslie Phillips,The Invisible Man
Leslie Phillips,Les Girls
Leslie Phillips,The Smallest Show on Earth
Leslie Phillips,The Errol Flynn Theatre
Leslie Phillips,Millions
Leslie Phillips,Empire of the Sun
Leslie Phillips,Please Turn Over
Leslie Phillips,Carry On Teacher
Leslie Phillips,Brothers in Law
Leslie Phillips,The Canterville Ghost
Leslie Phillips,Tales from the Crypt
Leslie Phillips,Doctor in Love
Leslie Phillips,Life After Life
Leslie Phillips,Hello: A Portrait Of Leslie Phillips
Leslie Phillips,Alan Carr's Celebrity Ding Dong
Leslie Phillips,Collusion
Leslie Phillips,Caught in the Act
Leslie Phillips,A Weekend with Lulu
Leslie Phillips,The Ruth Rendell Mysteries
Leslie Phillips,High Flight
Leslie Phillips,The Bill
Leslie Phillips,Wire Service
Leslie Phillips,Watch Your Stern
Leslie Phillips,Our Man At St Mark's
Leslie Phillips,The Limping Man
Leslie Phillips,Harry Potter and the Chamber of Secrets
Leslie Phillips,The Trials of Oz
Leslie Phillips,Rumpole of the Bailey
Leslie Phillips,Drama Trails
Leslie Phillips,Just My Luck
Leslie Phillips,Value for Money
Leslie Phillips,The Changeling
Leslie Phillips,The Gamma People
Leslie Phillips,Super Gran
Leslie Phillips,Ferdinand I King of Naples
Leslie Phillips,Doctor in Clover
Leslie Phillips,The Big Money
Leslie Phillips,This Other Eden
Leslie Phillips,The Last Detective
Leslie Phillips,The Woman with No Name
Leslie Phillips,Hotel Caledonia
Leslie Phillips,Honey for Tea
Leslie Phillips,The Night We Dropped a Clanger
Leslie Phillips,Spanish Fly
Leslie Phillips,In the Doghouse
Leslie Phillips,Lovejoy
Leslie Phillips,Two Golden Balls
Leslie Phillips,Time Bomb
Leslie Phillips,Carry On Constable
Leslie Phillips,Outside the Rules
Leslie Phillips,The Galloping Major
Leslie Phillips,Very Important Person
Leslie Phillips,Harry Potter and the Philosopher's Stone
Leslie Phillips,Agatha Christie's The Pale Horse
Leslie Phillips,Monarch of the Glen
Leslie Phillips,Not Now Darling
Leslie Phillips,Dennis the Menace and Gnasher
Leslie Phillips,Pool of London
Leslie Phillips,The Citadel
Leslie Phillips,Harry Potter and the Deathly Hallows: Part 2
Leslie Phillips,Anna Karenina
Leslie Phillips,"Not Now, Comrade"
Leslie Phillips,Performance
Leslie Phillips,Der Blinde
Leslie Phillips,Lara Croft: Tomb Raider
Leslie Phillips,Oxford
Leslie Phillips,The Heaven and Earth Show
Leslie Phillips,No Kidding
Leslie Phillips,The Man Who Liked Funerals
Leslie Phillips,Father Came Too!
Leslie Phillips,Thacker
Leslie Phillips,"Some Will, Some Won't"
Leslie Phillips,Heartbeat
Leslie Phillips,Cinderella
Leslie Phillips,Carry On Columbus
Leslie Phillips,Plunder
Leslie Phillips,Midsomer Murders
Leslie Phillips,Take a Girl Like You
Nina Young,Tomorrow Never Dies
Nina Young,Clash of the Titans
Nina Young,The Mistress of Spices
Nina Young,How to Please a Woman
Nina Young,Johnny English
Nina Young,A Lump In My Throat
Nina Young,Things to Do Before You're 30
Nina Young,Warrior Angels
Nina Young,Two Golden Balls
Nina Young,Molly Moon and the Incredible Book of Hypnotism
Nina Young,"England, My England"
Nina Young,Harry Potter and the Philosopher's Stone
Nina Young,Sliding Doors
Nina Young,Game On
Nina Young,The Demon Headmaster
Nina Young,Pilgrim's Rest
Nina Young,Out of the Ashes
Nina Young,The Surfer
Nina Young,The Woman on the Cliff
Nina Young,The Magnificent Eleven
Nina Young,Take a Girl Like You
Terence Bayler,The Lie
Terence Bayler,Play for Today
Terence Bayler,The Vanishing Army
Terence Bayler,You Can't Win
Terence Bayler,The Rivals of Sherlock Holmes
Terence Bayler,Crystalstone
Terence Bayler,Special Branch
Terence Bayler,Doctor Who: The War Games
Terence Bayler,The Venturers
Terence Bayler,Mystery and Imagination
Terence Bayler,Doctor Who: The Ark
Terence Bayler,Chemical Wedding
Terence Bayler,Traitor
Terence Bayler,The Regiment
Terence Bayler,The Snow Queen
Terence Bayler,Broken Barrier
Terence Bayler,Harry Potter and the Philosopher's Stone
Terence Bayler,Life of Brian
Terence Bayler,This Office Life
Terence Bayler,"Renoir, My Father"
Terence Bayler,"Upstairs, Downstairs"
Terence Bayler,Eye of the Storm
Terence Bayler,The Remains of the Day
Terence Bayler,Doctor Who
Terence Bayler,Pulaski
Terence Bayler,Life Begins
Terence Bayler,Macbeth
Terence Bayler,The Hunchback of Notre Dame
Terence Bayler,Dr. Watson and the Darkwater Hall Mystery
Terence Bayler,Time Bandits
Terence Bayler,Old Man March Is Dead
Terence Bayler,Justice
Terence Bayler,The Light Princess
Terence Bayler,Brazil
Harry Taylor,Mission Manila
Harry Taylor,Sweeney Todd: The Demon Barber of Fleet Street
Harry Taylor,Alice in Wonderland
Harry Taylor,Demon of Paradise
Harry Taylor,The Da Vinci Code
Harry Taylor,Dark Shadows
Harry Taylor,Harry Potter and the Chamber of Secrets
Harry Taylor,The Trip to Greece
Harry Taylor,Harry Potter and the Philosopher's Stone
Harry Taylor,Charlie and the Chocolate Factory
Harry Taylor,Enid
Steve Kloves,A Look Through His Lens
Steve Kloves,Fantastic Mr. Fox
Robert Legato,Learning to Drive
Robert Legato,HBO First Look
Robert Legato,Birdman or (The Unexpected Virtue of Ignorance)
Robert Legato,Shoot the Moon: The Making of 'Hugo'
Robert Legato,Shutter Island
Robert Legato,Misery Loves Comedy
Robert Legato,The Wolf of Wall Street
Robert Legato,"Hugo: Big Effects, Small Scale"
Robert Legato,In the Shadow of the Vampire: The Making of Interview with the Vampire
Richard Cole,Encounter: UFO
J.K. Rowling,J. K. Rowling: The Interview
J.K. Rowling,Tom Felton Meets the Superfans
J.K. Rowling,Fantastic Beasts and Where to Find Them
J.K. Rowling,Who Do You Think You Are?
J.K. Rowling,The Importance of Being Morrissey
J.K. Rowling,Fantastic Beasts: The Crimes of Grindelwald
J.K. Rowling,London 2012 Olympic Opening Ceremony: Isles of Wonder
J.K. Rowling,Harry Potter 20th Anniversary: Return to Hogwarts
J.K. Rowling,Harry Potter: A History Of Magic
J.K. Rowling,The Simpsons
J.K. Rowling,The Magical World of Harry Potter: The Unauthorized Story of J.K. Rowling
J.K. Rowling,Discovering the Real World of Harry Potter
J.K. Rowling,Friday Night with Jonathan Ross
J.K. Rowling,Harry Potter and the Deathly Hallows: Part 1
J.K. Rowling,The New Ten Commandments
J.K. Rowling,Strike
J.K. Rowling,50 Greatest Harry Potter Moments
J.K. Rowling,Harry Potter
J.K. Rowling,Harry Potter and the Deathly Hallows: Part 2
J.K. Rowling,Behind Closed Doors with Natalie Morales
J.K. Rowling,Harry Potter and the Prisoner of Azkaban
J.K. Rowling,Fantastic Beasts: The Secrets of Dumbledore
J.K. Rowling,Tigerenten Club
J.K. Rowling,J.K. Rowling: A Year in the Life
J.K. Rowling,The Magic Touch of Harry Potter
J.K. Rowling,A Conversation with J.K. Rowling and Daniel Radcliffe
J.K. Rowling,Richard & Judy
J.K. Rowling,Peter Kay: 20 Years of Funny
J.K. Rowling,The Casual Vacancy
J.K. Rowling,A Conversation With JK Rowling and Daniel Radcliffe
J.K. Rowling,Fantastic Beasts: A Natural History
John Richardson,Inside Q's Lab
actor,movie_or_TV_name
Daniel Radcliffe,Harry Potter and the Goblet of Fire
Daniel Radcliffe,GMTV
Daniel Radcliffe,Escape from Pretoria
Daniel Radcliffe,The Last Leg
Daniel Radcliffe,Harry Potter and the Order of the Phoenix
Daniel Radcliffe,Conan
Daniel Radcliffe,A Conversation with J.K. Rowling and Daniel Radcliffe
Daniel Radcliffe,Harry Potter and the Prisoner of Azkaban
Daniel Radcliffe,50 Greatest Harry Potter Moments
Daniel Radcliffe,Harry Potter and the Philosopher's Stone
Daniel Radcliffe,National Theatre Live: Rosencrantz & Guildenstern Are Dead
Daniel Radcliffe,Digman!
Daniel Radcliffe,Trust the Man
Daniel Radcliffe,Kill Your Darlings
Daniel Radcliffe,Tony Awards
Daniel Radcliffe,Victor Frankenstein
Daniel Radcliffe,Music by John Williams
Daniel Radcliffe,Trainwreck
Daniel Radcliffe,The Lost City
Daniel Radcliffe,The Jonathan Ross Show
Daniel Radcliffe,The Kumars
Daniel Radcliffe,Inside the Actors Studio
Daniel Radcliffe,QI
Daniel Radcliffe,The Art of Breaking Character
Daniel Radcliffe,Horns
Daniel Radcliffe,The Late Show with Stephen Colbert
Daniel Radcliffe,The Kelly Clarkson Show
Daniel Radcliffe,The Children's Party at the Palace
Daniel Radcliffe,Harry Potter and the Deathly Hallows: Part 2
Daniel Radcliffe,David Holmes: The Boy Who Lived
Daniel Radcliffe,Robot Chicken
Daniel Radcliffe,Tom Felton Meets the Superfans
Daniel Radcliffe,The View
Daniel Radcliffe,Endgame & Rough for Theatre II
Daniel Radcliffe,The Frame
Daniel Radcliffe,My Boy Jack
Daniel Radcliffe,Have I Got a Bit More News for You
Daniel Radcliffe,When Harry Left Hogwarts
Daniel Radcliffe,Jungle
Daniel Radcliffe,Extrapolations
Daniel Radcliffe,Harry Potter and the Half-Blood Prince
Daniel Radcliffe,Guns Akimbo
Daniel Radcliffe,Batso
Daniel Radcliffe,The Robot Chicken Walking Dead Special: Look Who's Walking
Daniel Radcliffe,Watch What Happens Live with Andy Cohen
Daniel Radcliffe,Saturday Night Live
Daniel Radcliffe,December Boys
Daniel Radcliffe,What If
Daniel Radcliffe,Harry Potter 20th Anniversary: Return to Hogwarts
Daniel Radcliffe,Endgame
Daniel Radcliffe,BoJack Horseman
Daniel Radcliffe,Have I Got News for You
Daniel Radcliffe,Miracle Workers
Daniel Radcliffe,The Tonight Show with Jay Leno
Daniel Radcliffe,Beast of Burden
Daniel Radcliffe,The Gamechangers
Daniel Radcliffe,Daniel Radcliffe: Being Harry Potter
Daniel Radcliffe,100 Years of Warner Bros.
Daniel Radcliffe,Harry Potter and the Chamber of Secrets
Daniel Radcliffe,Who Do You Think You Are?
Daniel Radcliffe,The Early Show
Daniel Radcliffe,Rachael Ray
Daniel Radcliffe,The Simpsons
Daniel Radcliffe,Harry Potter and the Deathly Hallows: Part 1
Daniel Radcliffe,2 Dope Queens
Daniel Radcliffe,The Magic Touch of Harry Potter
Daniel Radcliffe,Carole & Grey
Daniel Radcliffe,Good Mythical Morning
Daniel Radcliffe,Trailing Tonks
Daniel Radcliffe,The Tonight Show Starring Jimmy Fallon
Daniel Radcliffe,LIVE with Kelly and Mark
Daniel Radcliffe,Unbreakable Kimmy Schmidt: Kimmy vs. the Reverend
Daniel Radcliffe,Lost in London
Daniel Radcliffe,Live from Studio Five
Daniel Radcliffe,Trailblazer Honors
Daniel Radcliffe,Late Night with Seth Meyers
Daniel Radcliffe,Hot Ones
Daniel Radcliffe,The Ellen DeGeneres Show
Daniel Radcliffe,The Daily Show
Daniel Radcliffe,Swiss Army Man
Daniel Radcliffe,Ant & Dec's Saturday Night Takeaway
Daniel Radcliffe,Friday Night with Jonathan Ross
Daniel Radcliffe,Lie Detector
Daniel Radcliffe,The Woman in Black
Daniel Radcliffe,Fry and Laurie Reunited
Daniel Radcliffe,Leute heute
Daniel Radcliffe,The Tailor of Panama
Daniel Radcliffe,Taff
Daniel Radcliffe,Mulligan
Daniel Radcliffe,The Graham Norton Show
Daniel Radcliffe,A Young Doctor's Notebook
Daniel Radcliffe,Unbreakable Kimmy Schmidt: Kimmy vs. the Music: A Live Singing Contest (That's Live)
Daniel Radcliffe,(K)nox: The Rob Knox Story
Daniel Radcliffe,Off Camera with Sam Jones
Daniel Radcliffe,David Copperfield
Daniel Radcliffe,Late Night with Conan O'Brien
Daniel Radcliffe,Rove
Daniel Radcliffe,TRL
Daniel Radcliffe,Rick and Morty
Daniel Radcliffe,Imperium
Daniel Radcliffe,Merrily We Roll Along
Daniel Radcliffe,Now You See Me 2
Daniel Radcliffe,Playmobil: The Movie
Daniel Radcliffe,Extras
Daniel Radcliffe,Circus Kid
Daniel Radcliffe,Weird: The Al Yankovic Story
Jamie Yeates,Mr. Bean
Jamie Yeates,Harry Potter and the Chamber of Secrets
Jamie Yeates,Harry Potter and the Philosopher's Stone
Will Theakston,The Ghost Hunter
Will Theakston,Harry Potter and the Philosopher's Stone
Eleanor Columbus,Nine Months
Eleanor Columbus,Harry Potter and the Philosopher's Stone
Eleanor Columbus,Home Alone 2: Lost in New York
Eleanor Columbus,Stepmom
Eleanor Columbus,Rent
Eleanor Columbus,Harry Potter and the Chamber of Secrets
Eleanor Columbus,In Search of Dr. Seuss
Danielle Tabor,Harry Potter and the Chamber of Secrets
Danielle Tabor,Harry Potter and the Philosopher's Stone
Danielle Tabor,Harry Potter and the Prisoner of Azkaban
Leilah Sutherland,Harry Potter and the Philosopher's Stone
Emily Dale,Harry Potter and the Chamber of Secrets
Emily Dale,Harry Potter and the Philosopher's Stone
Ben Borowiecki,Harry Potter and the Chamber of Secrets
Ben Borowiecki,Harry Potter and the Philosopher's Stone
Ray Fearon,In Search of Shakespeare
Ray Fearon,Fleabag
Ray Fearon,Hamlet
Ray Fearon,Above Suspicion
Ray Fearon,Champion
Ray Fearon,Julius Caesar
Ray Fearon,An Audience with...
Ray Fearon,Harry Potter and the Philosopher's Stone
Ray Fearon,Keen Eddie
Ray Fearon,My Fault: London
Ray Fearon,Barbie
Ray Fearon,Death in Paradise
Ray Fearon,Red Dwarf: The Promised Land
Ray Fearon,Beauty and the Beast
Ray Fearon,The Girlfriend Experience
Ray Fearon,The Chef's Letter
Ray Fearon,As If
Ray Fearon,Shakespeare & Hathaway - Private Investigators
Ray Fearon,His Dark Materials
Ray Fearon,Lessons of the Hour
Ray Fearon,2036 Origin Unknown
Ray Fearon,Christmas in the Caribbean
Ray Fearon,Swede Caroline
Ray Fearon,Midsomer Murders
Ray Fearon,A Christmas Carol
Ray Fearon,The Lady of Heaven
Ray Fearon,Cleaner
Ray Fearon,Ein Sommer in Kapstadt
Ray Fearon,The Foreigner
Ray Fearon,The Hooligan Factory
Ray Fearon,Moving On
Ray Fearon,Memory
Ray Fearon,Lulu and Jimi
Ray Fearon,One Year Off
Ray Fearon,Christmas in Paradise
Ray Fearon,National Theatre Live: Macbeth
Ray Fearon,Coffee Wars
Ray Fearon,Boys On Film 8: Cruel Britannia
Ray Fearon,Hamilton: In the Interest of the Nation
Ray Fearon,Father Christmas Is Back
Ray Fearon,The Protégé
Ray Fearon,Waking the Dead
Ray Fearon,The Clandestine Marriage
Simon Fisher-Becker,Reduced To Clear
Simon Fisher-Becker,Harry Potter: Hogwarts Tournament of Houses
Simon Fisher-Becker,P.R.O.B.E.: Giles Case Files
Simon Fisher-Becker,Carnage: Swallowing the Past
Simon Fisher-Becker,Arrivederci Millwall
Simon Fisher-Becker,Harry Potter and the Philosopher's Stone
Simon Fisher-Becker,Izzy Vs Jess
Simon Fisher-Becker,Les Misérables
Simon Fisher-Becker,Doctor Who: A Good Man Goes To War Prequel
Simon Fisher-Becker,The Great Director
Simon Fisher-Becker,Doctor Who
Simon Fisher-Becker,Puppy Love
Derek Deadman,Sooty & Co.
Derek Deadman,Queen Kong
Derek Deadman,Doctor Who: The Invasion of Time
Derek Deadman,Frankenstein: The True Story
Derek Deadman,Morons from Outer Space
Derek Deadman,She Fell Among Thieves
Derek Deadman,Doctor Who
Derek Deadman,Porridge
Derek Deadman,Funny Money
Derek Deadman,Time Bandits
Derek Deadman,The Sooty Show
Derek Deadman,Lost In London
Derek Deadman,Robin's Nest
Derek Deadman,Harry Potter and the Philosopher's Stone
Derek Deadman,Brazil
Derek Deadman,Super Gran
Derek Deadman,Never the Twain
Derek Deadman,Robin Hood: Prince of Thieves
Derek Deadman,Dr. Watson and the Darkwater Hall Mystery
Derek Deadman,The Sweeney
Derek Deadman,A Little Bit Of Wisdom
Derek Deadman,Honest
Derek Deadman,The Apple
Derek Deadman,The Big Sleep
Derek Deadman,The Sign of Four
Derek Deadman,Jabberwocky
Derek Deadman,National Lampoon's European Vacation
Derek Deadman,The Knowledge
Derek Deadman,A Nightingale Sang In Berkeley Square
Derek Deadman,Crush
Derek Deadman,The Canterbury Tales
Derek Deadman,The Beggar's Opera
Derek Deadman,Never Say Never Again
Derek Deadman,Bread
Derek Deadman,Benny Hill's World Tour: New York!
Derek Deadman,Sherlock Holmes
Derek Deadman,The Darwin Adventure
Derek Deadman,The Modern World: Ten Great Writers
Derek Deadman,The Taming of the Shrew
Derek Deadman,BBC2 Play of the Week
Derek Deadman,The Glitterball
Derek Deadman,The Scarlet Pimpernel
Harry Taylor,Charlie and the Chocolate Factory
Harry Taylor,Demon of Paradise
Harry Taylor,Alice in Wonderland
Harry Taylor,Dark Shadows
Harry Taylor,Harry Potter and the Philosopher's Stone
Harry Taylor,Enid
Harry Taylor,The Da Vinci Code
Harry Taylor,Harry Potter and the Chamber of Secrets
Harry Taylor,Sweeney Todd: The Demon Barber of Fleet Street
Harry Taylor,Mission Manila
Harry Taylor,The Trip to Greece
Nina Young,The Demon Headmaster
Nina Young,Johnny English
Nina Young,"England, My England"
Nina Young,Out of the Ashes
Nina Young,The Surfer
Nina Young,The Magnificent Eleven
Nina Young,Things to Do Before You're 30
Nina Young,Harry Potter and the Philosopher's Stone
Nina Young,Pilgrim's Rest
Nina Young,Clash of the Titans
Nina Young,Game On
Nina Young,The Woman on the Cliff
Nina Young,The Mistress of Spices
Nina Young,Molly Moon and the Incredible Book of Hypnotism
Nina Young,A Lump In My Throat
Nina Young,Warrior Angels
Nina Young,Two Golden Balls
Nina Young,Take a Girl Like You
Nina Young,How to Please a Woman
Nina Young,Tomorrow Never Dies
Nina Young,Sliding Doors
Terence Bayler,Eye of the Storm
Terence Bayler,"Upstairs, Downstairs"
Terence Bayler,Traitor
Terence Bayler,The Venturers
Terence Bayler,The Lie
Terence Bayler,Life of Brian
Terence Bayler,Doctor Who
Terence Bayler,Time Bandits
Terence Bayler,The Vanishing Army
Terence Bayler,You Can't Win
Terence Bayler,This Office Life
Terence Bayler,The Hunchback of Notre Dame
Terence Bayler,Pulaski
Terence Bayler,Harry Potter and the Philosopher's Stone
Terence Bayler,Old Man March Is Dead
Terence Bayler,The Remains of the Day
Terence Bayler,Brazil
Terence Bayler,Macbeth
Terence Bayler,Dr. Watson and the Darkwater Hall Mystery
Terence Bayler,Special Branch
Terence Bayler,The Rivals of Sherlock Holmes
Terence Bayler,Broken Barrier
Terence Bayler,The Light Princess
Terence Bayler,"Renoir, My Father"
Terence Bayler,Mystery and Imagination
Terence Bayler,Play for Today
Terence Bayler,The Regiment
Terence Bayler,The Snow Queen
Terence Bayler,Justice
Terence Bayler,Doctor Who: The War Games
Terence Bayler,Crystalstone
Terence Bayler,Life Begins
Terence Bayler,Chemical Wedding
Terence Bayler,Doctor Who: The Ark
Richard Bremmer,Beowulf: Return to the Shieldlands
Richard Bremmer,Peak Practice
Richard Bremmer,Charles II: The Power and The Passion
Richard Bremmer,The Lost Explorer
Richard Bremmer,In the Heart of the Sea
Richard Bremmer,City Slacker
Richard Bremmer,The Alienist
Richard Bremmer,"Twelfth Night, or What You Will"
Richard Bremmer,Stars of the Roller State Disco
Richard Bremmer,Half Past Dead
Richard Bremmer,Onegin
Richard Bremmer,Just Visiting
Richard Bremmer,Control
Richard Bremmer,Made in Britain
Richard Bremmer,Harry Potter and the Philosopher's Stone
Richard Bremmer,Macbeth
Richard Bremmer,The Hollow Crown
Richard Bremmer,The Order
Richard Bremmer,Scarlet and Black
Richard Bremmer,The Girl with Brains in Her Feet
Richard Bremmer,Les Misérables
Richard Bremmer,To Kill a King
Richard Bremmer,Shanghai Knights
Richard Bremmer,Zastrozzi: A Romance
Richard Bremmer,By the Sword Divided
Richard Bremmer,Volpone
Richard Bremmer,Agatha Christie's Marple
Richard Bremmer,The Third Day
Richard Bremmer,Swallows and Amazons
Richard Bremmer,The Song of Names
Richard Bremmer,Star Wars: The Rise of Skywalker
Richard Bremmer,Perdition County
Richard Bremmer,Performance
Richard Bremmer,The Power of Three
Richard Bremmer,Flux Gourmet
Richard Bremmer,Murder on the Home Front
Richard Bremmer,Ourhouse
Richard Bremmer,Ripper 2: Letter from Within
Richard Bremmer,The 13th Warrior
Richard Bremmer,Crime and Punishment
Richard Bremmer,Richard II
Richard Bremmer,Mr. Turner
Richard Bremmer,Kingdom
Richard Bremmer,In Fabric
Richard Bremmer,Mr. Loveday's Little Outing
Richard Bremmer,Viper in the Fist
Richard Bremmer,The Aryan Couple
Leslie Phillips,Britain's Ugliest Models
Leslie Phillips,August
Leslie Phillips,The Trials of Oz
Leslie Phillips,The Gamma People
Leslie Phillips,Casanova '73
Leslie Phillips,Drama Trails
Leslie Phillips,Summer's Lease
Leslie Phillips,Der Blinde
Leslie Phillips,You Must Be Joking
Leslie Phillips,Harry Potter and the Philosopher's Stone
Leslie Phillips,Honey for Tea
Leslie Phillips,After Death
Leslie Phillips,What's a Carry On?
Leslie Phillips,It's Only TV But I Like It
Leslie Phillips,Lassie from Lancashire
Leslie Phillips,The Last Detective
Leslie Phillips,The Proud Valley
Leslie Phillips,Alan Carr's Celebrity Ding Dong
Leslie Phillips,Royal Celebration
Leslie Phillips,Rumpole of the Bailey
Leslie Phillips,The Man Who Liked Funerals
Leslie Phillips,The Adventures of Robin Hood
Leslie Phillips,Father Came Too!
Leslie Phillips,Hello: A Portrait Of Leslie Phillips
Leslie Phillips,Very Important Person
Leslie Phillips,Carry On Nurse
Leslie Phillips,Please Turn Over
Leslie Phillips,The Thief of Bagdad
Leslie Phillips,Is Anybody There?
Leslie Phillips,Midsomer Murders
Leslie Phillips,The Four Feathers
Leslie Phillips,The Citadel
Leslie Phillips,Our Man At St Mark's
Leslie Phillips,A Weekend with Lulu
Leslie Phillips,Two Golden Balls
Leslie Phillips,Venus
Leslie Phillips,Thunderpants
Leslie Phillips,Cinderella
Leslie Phillips,Just My Luck
Leslie Phillips,The Week We Went To War
Leslie Phillips,This Other Eden
Leslie Phillips,Doctor in Love
Leslie Phillips,Time Bomb
Leslie Phillips,The Fake
Leslie Phillips,Monarch of the Glen
Leslie Phillips,Caught in the Act
Leslie Phillips,Not Now Darling
Leslie Phillips,As Long as They're Happy
Leslie Phillips,Life After Life
Leslie Phillips,Das Karussell des Todes
Leslie Phillips,The Canterville Ghost
Leslie Phillips,Lara Croft: Tomb Raider
Leslie Phillips,The Ruth Rendell Mysteries
Leslie Phillips,The Magnificent Seven Deadly Sins
Leslie Phillips,Carry On Columbus
Leslie Phillips,The Sound Barrier
Leslie Phillips,Bermuda Grace
Leslie Phillips,Carry On Constable
Leslie Phillips,"Don't Just Lie There, Say Something!"
Leslie Phillips,Scandal
Leslie Phillips,The Galloping Major
Leslie Phillips,Harry Potter and the Deathly Hallows: Part 2
Leslie Phillips,Super Gran
Leslie Phillips,Collusion
Leslie Phillips,Crooks Anonymous
Leslie Phillips,Lovejoy
Leslie Phillips,Agatha Christie's Marple
Leslie Phillips,Plunder
Leslie Phillips,GLC: The Carnage Continues
Leslie Phillips,King Ralph
Leslie Phillips,Anna Karenina
Leslie Phillips,The Woman with No Name
Leslie Phillips,Doctor in Clover
Leslie Phillips,The Comic Strip Presents...
Leslie Phillips,Dennis the Menace and Gnasher
Leslie Phillips,The Angry Hills
Leslie Phillips,High Flight
Leslie Phillips,Who Bombed Birmingham?
Leslie Phillips,Saving Grace
Leslie Phillips,Out of Africa
Leslie Phillips,Die Katze von Kensington
Leslie Phillips,Spanish Fly
Leslie Phillips,The Night We Dropped a Clanger
Leslie Phillips,The Limping Man
Leslie Phillips,I Was Monty's Double
Leslie Phillips,In the Doghouse
Leslie Phillips,The Jackal
Leslie Phillips,Pool of London
Leslie Phillips,"Some Will, Some Won't"
Leslie Phillips,Value for Money
Leslie Phillips,The Fast Lady
Leslie Phillips,The Longest Day
Leslie Phillips,The Mikado
Leslie Phillips,Late Bloomers
Leslie Phillips,Maroc 7
Leslie Phillips,Millions
Leslie Phillips,The Bill
Leslie Phillips,Brothers in Law
Leslie Phillips,Carry On Teacher
Leslie Phillips,Les Girls
Leslie Phillips,Harry Potter and the Chamber of Secrets
Leslie Phillips,Aladdin: The ITV Pantomime
Leslie Phillips,Outside the Rules
Leslie Phillips,Ferdinand I King of Naples
Leslie Phillips,Sword of Honour
Leslie Phillips,The Changeling
Leslie Phillips,Dalziel & Pascoe
Leslie Phillips,Colour Me Kubrick
Leslie Phillips,Thacker
Leslie Phillips,The House of Windsor
Leslie Phillips,The Navy Lark
Leslie Phillips,Empire of the Sun
Leslie Phillips,Inn for Trouble
Leslie Phillips,The Smallest Show on Earth
Leslie Phillips,The Big Money
Leslie Phillips,Agatha Christie's The Pale Horse
Leslie Phillips,The Errol Flynn Theatre
Leslie Phillips,Raising the Wind
Leslie Phillips,The Invisible Man
Leslie Phillips,Doctor in Trouble
Leslie Phillips,The Heaven and Earth Show
Leslie Phillips,Tales from the Crypt
Leslie Phillips,That's Carry On!
Leslie Phillips,"Not Now, Comrade"
Leslie Phillips,Watch Your Stern
Leslie Phillips,Train of Events
Leslie Phillips,Performance
Leslie Phillips,Churchill: The Hollywood Years
Leslie Phillips,Heartbeat
Leslie Phillips,Armchair Theatre
Leslie Phillips,Take a Girl Like You
Leslie Phillips,The Gong Game
Leslie Phillips,No Kidding
Leslie Phillips,Wire Service
Leslie Phillips,Love on a Branch Line
Leslie Phillips,Blandings Castle
Leslie Phillips,The Comic Strip - A Retrospective
Leslie Phillips,Hotel Caledonia
Leslie Phillips,Oxford
Leslie Phillips,Mountains of the Moon
Steve Kloves,A Look Through His Lens
Steve Kloves,Fantastic Mr. Fox
J.K. Rowling,Strike
J.K. Rowling,Harry Potter: A History Of Magic
J.K. Rowling,Peter Kay: 20 Years of Funny
J.K. Rowling,Richard & Judy
J.K. Rowling,Harry Potter
J.K. Rowling,Fantastic Beasts: A Natural History
J.K. Rowling,A Conversation With JK Rowling and Daniel Radcliffe
J.K. Rowling,Friday Night with Jonathan Ross
J.K. Rowling,A Conversation with J.K. Rowling and Daniel Radcliffe
J.K. Rowling,Harry Potter and the Prisoner of Azkaban
J.K. Rowling,50 Greatest Harry Potter Moments
J.K. Rowling,Harry Potter 20th Anniversary: Return to Hogwarts
J.K. Rowling,Harry Potter and the Deathly Hallows: Part 2
J.K. Rowling,London 2012 Olympic Opening Ceremony: Isles of Wonder
J.K. Rowling,Fantastic Beasts: The Secrets of Dumbledore
J.K. Rowling,Tom Felton Meets the Superfans
J.K. Rowling,The Magical World of Harry Potter: The Unauthorized Story of J.K. Rowling
J.K. Rowling,The Casual Vacancy
J.K. Rowling,The New Ten Commandments
J.K. Rowling,The Importance of Being Morrissey
J.K. Rowling,Behind Closed Doors with Natalie Morales
J.K. Rowling,Who Do You Think You Are?
J.K. Rowling,Tigerenten Club
J.K. Rowling,Discovering the Real World of Harry Potter
J.K. Rowling,The Simpsons
J.K. Rowling,Fantastic Beasts: The Crimes of Grindelwald
J.K. Rowling,J. K. Rowling: The Interview
J.K. Rowling,Harry Potter and the Deathly Hallows: Part 1
J.K. Rowling,The Magic Touch of Harry Potter
J.K. Rowling,Fantastic Beasts and Where to Find Them
J.K. Rowling,J.K. Rowling: A Year in the Life
Robert Legato,The Wolf of Wall Street
Robert Legato,In the Shadow of the Vampire: The Making of Interview with the Vampire
Robert Legato,HBO First Look
Robert Legato,"Hugo: Big Effects, Small Scale"
Robert Legato,Learning to Drive
Robert Legato,Shoot the Moon: The Making of 'Hugo'
Robert Legato,Shutter Island
Robert Legato,Misery Loves Comedy
Robert Legato,Birdman or (The Unexpected Virtue of Ignorance)
Richard Cole,Encounter: UFO
John Richardson,Inside Q's Lab
Simon Williams,Once a Thief
Simon Williams,Martin's Close
Simon Williams,Pig Heart Boy
Simon Williams,Six Fifty-Five Special
Simon Williams,The Prisoner of Zenda
Simon Williams,The New Alfred Hitchcock Presents
Simon Williams,Poldark
Simon Williams,Cluedo
Simon Williams,The Return of the Man from U.N.C.L.E.: The Fifteen Years Later Affair
Simon Williams,Blue Murder
Simon Williams,Harry Potter and the Philosopher's Stone
Simon Williams,Bad Girls
Simon Williams,The Preventers
Simon Williams,Shakespeare & Hathaway - Private Investigators
Simon Williams,Father Brown
Simon Williams,The Paranormal Peter Sellers
Simon Williams,Killer Net
Simon Williams,Midsomer Murders
Simon Williams,Casualty
Simon Williams,The Regiment
Simon Williams,dinnerladies
Simon Williams,The Mixer
Simon Williams,The Paul O'Grady Show
Simon Williams,Paul Merton: The Series
Simon Williams,Liza
Simon Williams,The Breaking of Bumbo
Simon Williams,Countdown
Simon Williams,Celebrity Antiques Road Trip
Simon Williams,Cutting It
Simon Williams,Doctor Who: Remembrance of the Daleks
Simon Williams,Man in a Suitcase
Simon Williams,A Very British Deterrent
Simon Williams,Law and Disorder
Simon Williams,Hammer House of Mystery and Suspense
Simon Williams,The Eligible Bachelor
Simon Williams,Jabberwocky
Simon Williams,The Opium War
Simon Williams,Noel's Telly Years
Simon Williams,Forbidden Territory: Stanley's Search for Livingstone
Simon Williams,The Gathering Storm
Simon Williams,Peter Sellers: A State of Comic Ecstasy
Simon Williams,Goodbye Christopher Robin
Simon Williams,Kingdom
Simon Williams,The Willows in Winter
Simon Williams,Joanna
Simon Williams,Agony Again
Simon Williams,Bergerac
Simon Williams,Kung Fu: The Legend Continues
Simon Williams,The Incredible Sarah
Simon Williams,Galavant
Simon Williams,The Mike Douglas Show
Simon Williams,A Respectable Trade
Simon Williams,The Odd Job
Simon Williams,The Blood on Satan's Claw
Simon Williams,Sword of Honour
Simon Williams,The Touchables
Simon Williams,Pebble Mill
Simon Williams,Dalziel & Pascoe
Simon Williams,"Upstairs, Downstairs"
Simon Williams,The Upper Hand
Simon Williams,National Theatre Live: Allelujah!
Simon Williams,Kinvig
Simon Williams,Spooks
Simon Williams,The Late Nancy Irving
Simon Williams,Doctor Who
Simon Williams,Above Suspicion
Simon Williams,Agony
Simon Williams,Merlin
Simon Williams,The Fiendish Plot of Dr. Fu Manchu
Simon Williams,The Queen
Simon Williams,Three for All
Simon Williams,The Return of Sam McCloud
Simon Williams,The Uncanny
Simon Williams,Sense and Sensibility
Simon Williams,Heartbeat
Simon Williams,Sherlock Holmes
Simon Williams,The Inspector Alleyn Mysteries
Simon Williams,Viceroy's House
Simon Williams,Don't Wait Up
Simon Williams,The Chelsea Detective
Simon Williams,Lady Godiva
Andrew Garnet-Lawson,Heads
Angela Barson,The Da Vinci Code
Angela Barson,Game of Thrones
Eddy Joseph,Enemy at the Gates
Eddy Joseph,Two Graves
Kenneth Wannberg,Joe Versus the Volcano
Kenneth Wannberg,Huckleberry Finn
Kenneth Wannberg,Music by John Williams
Alexander Courage,"Yes, Giorgio"
Alexander Courage,Get Aboard! 'The Band Wagon'
Alexander Courage,Film Music Masters: Jerry Goldsmith
John Williams,The Boys: The Sherman Brothers' Story
John Williams,Leonard Bernstein Centennial Celebration at Tanglewood
John Williams,The American Film Institute Salute to ...
John Williams,Ennio
John Williams,"The Shark Is Still Working: The Impact & Legacy of ""Jaws"""
John Williams,The Kennedy Center Honors
John Williams,The Fabelmans: A Family in Film
John Williams,John Williams Live - Music from the Movies
John Williams,If These Walls Could Sing
John Williams,Plotting 'Family Plot'
John Williams,The Oscars
John Williams,Return to Jurassic Park
John Williams,The Stories of West Side Story
John Williams,Jaws: The Inside Story
John Williams,Previn and the Pittsburgh
John Williams,Disney Gallery / Star Wars: The Mandalorian
John Williams,The Revamping of Dracula
John Williams,Star Wars Concert
John Williams,Music by John Williams
John Williams,The Making of The Empire Strikes Back
John Williams,Star Wars: Within a Minute - The Making of Episode III
John Williams,John Williams & Berliner Philharmonic - The Berlin Concert
John Williams,The Making of '1941'
John Williams,Disney Legends Awards Ceremony
John Williams,In the Teeth of Jaws
John Williams,The Making of Indiana Jones and the Dial of Destiny
John Williams,A Conversation with the Masters: The Empire Strikes Back 30 Years Later
John Williams,Making 'Superman': Filming the Legend
John Williams,Playhouse 90
John Williams,Spielberg
John Williams,AFI's Master Class - The Art of Collaboration: Steven Spielberg and John Williams
John Williams,The Secret Policeman’s Biggest Ball
John Williams,Star Wars: The Magic & the Mystery
John Williams,"Deconstructing Dad: The Music, Machines and Mystery of Raymond Scott"
John Williams,The Late Show with Stephen Colbert
John Williams,No Subtitles Necessary: Laszlo & Vilmos
John Williams,Johnny Mercer: The Dream's on Me
John Williams,Star Wars: Music by John Williams
John Williams,Timeless Heroes: Indiana Jones & Harrison Ford
John Williams,John Williams in Tokyo
John Williams,The Music of 'Indiana Jones'
John Williams,A John Williams Celebration
John Williams,The Making of 'The Lost World'
John Williams,Star Wars: Galaxy's Edge - Adventure Awaits
John Williams,Tarzoon: Shame of the Jungle!
John Williams,The Making of 'Jaws'
John Williams,Love Will Tear Us Apart
John Williams,Williams: Violin Concerto No. 2 & Selected Film Themes
John Williams,Lincoln: An American Journey
John Williams,John Williams dirigiert John Williams mit den Berliner Philharmonikern
John Williams,Catch Me If You Can: Behind the Camera
John Williams,Music
John Williams,Remember the Secret Policeman's Ball?
John Williams,You Will Believe: The Cinematic Saga of Superman
John Williams,The Making of 'Close Encounters of the Third Kind'
John Williams,John Williams: Live in Vienna
John Williams,John Williams at the BBC
John Williams,The Skywalker Legacy
John Williams,Star Wars: A Musical Journey
John Williams,The Music of E.T.: A Discussion with John Williams
John Williams,"Anne-Sophie Mutter, John Williams & Friends: Beethoven and Williams"
John Williams,The Tonight Show with Jay Leno
John Williams,Jonas Kaufmann: The Sound of Movies
John Williams,Star Wars: The Rise of Skywalker
John Williams,The Beginning: Making Episode I
John Williams,A World Without Beethoven?
John Williams,The Making of 'E.T. the Extra-Terrestrial'
John Williams,John Williams: The Seventh Symphony
John Williams,Fiddler's Journey to the Big Screen
John Williams,Making Waves: The Art of Cinematic Sound
John Williams,The 'E.T.' Journals
John Williams,John Williams: A Legacy In Sound
John Williams,60 Minutes
John Williams,Anne-Sophie Mutter - Vivace
John Williams,Empire of Dreams: The Story of the Star Wars Trilogy
John Williams,Score: A Film Music Documentary
John Williams,Frankie Laine: An American Dreamer
John Williams,An Inconvenient Truth
John Williams,Taking Flight: The Development of 'Superman'
John Williams,When Star Wars Ruled the World
John Williams,From Star Wars to Jedi: The Making of a Saga
Peter Holt,Secret Army
Peter Holt,Minder
Peter Holt,The Professionals
Peter Holt,Enemy at the Door
Peter Holt,The Three Musketeers
Peter Holt,Twelfth Night
Peter Holt,Superman II
Gary Nixon,On Any Sunday: Revisited
David Heyman,Bloomfield
David Heyman,When Harry Left Hogwarts
David Heyman,Harry Potter 20th Anniversary: Return to Hogwarts
David Heyman,Daniel Radcliffe: Being Harry Potter
David Heyman,Close Up with The Hollywood Reporter
David Heyman,Harry Potter and the Deathly Hallows: Part 2
David Heyman,Ravenous
David Heyman,The Magic Touch of Harry Potter
David Heyman,Harry Potter and the Order of the Phoenix
Michael Elson,Snatch
Michael Elson,Day of Chaos: The Visual Effects of 'Dredd'
Michael Barnathan,No Day But Today: The Story of 'Rent'
Mark Radcliffe,The Magic Touch of Harry Potter
Mark Radcliffe,When Rock Ruled the World
Duncan Henderson,Dying Young
Duncan Henderson,The Hundred Days
Duncan Henderson,Waking the Dead
Janet Hirshenson,The Movies That Made Us
Janet Hirshenson,Behind the Couch: Casting in Hollywood
Janet Hirshenson,Casting The Sure Thing
Paula DuPré Pesmen,Porcelain War
Paula DuPré Pesmen,Bicentennial Man
Jane Jenkins,Outbreak
Jane Jenkins,A Beautiful Mind
Jane Jenkins,Casting The Sure Thing
Jane Jenkins,Blume in Love
Jane Jenkins,Frances
Jane Jenkins,The Sleeper Must Awaken: Making Dune
Jane Jenkins,Who Done It: The Clue Documentary
Jane Jenkins,Behind the Couch: Casting in Hollywood
Jane Jenkins,Pink Elephants
Jane Jenkins,Welcome to Hollywood
Jane Jenkins,Apollo 13
Jane Jenkins,Backdraft
Jane Jenkins,Live! From Death Row
Claus Wehlisch,Grimme-Preis-Verleihung
Claus Wehlisch,Memory Games
David R. Ellis,The Mighty Quinn
David R. Ellis,Anna
David R. Ellis,The Strongest Man in the World
David R. Ellis,Bits and Pieces: Bringing Death to Life
David R. Ellis,Heroes
David R. Ellis,Blind Fury
David R. Ellis,Wonder Woman
David R. Ellis,Rocky III
Kyle Clark,Switchback
Kyle Clark,One Last Meal
Michael Stevenson,The Charge of the Light Brigade
Michael Stevenson,David Lean and His Dedicated Maniacs
Michael Stevenson,Making 'The Shining'
Michael Stevenson,Life After Flash
Michael Stevenson,When Harry Left Hogwarts
Michael Stevenson,Blue Murder at St. Trinian's
Michael Stevenson,Saint Joan
Michael Stevenson,The Smallest Show on Earth
Annie Penn,The Making of the Last Duel
Annie Penn,Prometheus
Chris Columbus,Young Sherlock Holmes
Chris Columbus,The Thursday Murder Club
Chris Columbus,Galaxy High School
Chris Columbus,Reunited Apart
Chris Columbus,Little Nemo: Adventures in Slumberland
Chris Columbus,Gremlins 2: The New Batch
Chris Columbus,Harry Potter 20th Anniversary: Return to Hogwarts
Chris Columbus,The Movies That Made Us
Chris Columbus,Reckless
Chris Columbus,Child Star
Chris Columbus,David Holmes: The Boy Who Lived
Chris Columbus,The Cove
Chris Columbus,Nine Months
Chris Columbus,Only the Lonely
Chris Columbus,The Goonies
Chris Columbus,Daniel Radcliffe: Being Harry Potter
Chris Columbus,Home Alone 2: Lost in New York
Chris Columbus,100 Years of Warner Bros.
Chris Columbus,Gremlins
Chris Columbus,Cute. Clever. Mischievous. Intelligent. Dangerous: Making Gremlins
Chris Columbus,No Day But Today: The Story of 'Rent'
Chris Columbus,Music by John Williams
Chris Columbus,Fog City Mavericks
Chris Columbus,The Christmas Chronicles: Part Two
Chris Columbus,Showbiz Kids
Chris Columbus,From Gizmo to Gremlins: Creating the Creatures
Chris Columbus,The Magic Touch of Harry Potter
Chris Columbus,Heartbreak Hotel
Chris Columbus,Christmas with the Kranks
Gary Arthurs,Great Expectations
Gary Arthurs,The Great Challenge
Tolga Kenan,Saxondale
Tolga Kenan,David Holmes: The Boy Who Lived
Gary Powell,Death in Venice: The Sinking Palazzo
Gary Powell,The Hollow Crown
Gary Powell,James Bond Down River
Gary Powell,Becoming Bond
Brian Estabrook,The Magnificent Seven Deadly Sins
Abbi Collins,In Praise of Action
Greg Powell,The World Is Not Enough
Greg Powell,We'll Meet Again
Greg Powell,Doctor Who
Greg Powell,North Sea Hijack
Greg Powell,The Wild Geese
Greg Powell,Unlocked
Greg Powell,Jolt
Greg Powell,Dempsey and Makepeace
Greg Powell,Nitro Circus 3D
Greg Powell,Hollywood Bulldogs: The Rise and Falls of the Great British Stuntman
Greg Powell,David Holmes: The Boy Who Lived
Greg Powell,The Bill
Greg Powell,Bellman and True
Greg Powell,The World of Eddie Weary
Greg Powell,The 10th Man
Greg Powell,Death Wish 3
Greg Powell,Prem Ratan Dhan Payo
Greg Powell,Sahara
Greg Powell,Nitro Circus Greatest Hits
Greg Powell,For Your Eyes Only
Greg Powell,When Harry Left Hogwarts
Greg Powell,1242: Gateway to the West
Greg Powell,Willow
Greg Powell,The Lady and the Highwayman
Marc Wolff,The Dictator
Marc Wolff,Highly Classified: The World of 007
Marc Wolff,Anatomy of Catastrophe: The Making of 'Doomsday'
Marc Wolff,Unwatchable
Marc Wolff,Doomsday
Sandra Frieze,Richard II
Sandra Frieze,Professional Foul
Mark Coulier,Star Wars: Episode I - The Phantom Menace
Mark Coulier,Leviathan: The Story of Hellraiser and Hellbound: Hellraiser II
Mark Coulier,The Lair of the White Worm
Graham Churchyard,Marvel Studios Assembled: The Making of Doctor Strange in the Multiverse of Madness
Graham Churchyard,Ending the Knight
Amanda Knight,The Skywalker Legacy
Rosemary Burrows,The House of Horror - Memories of Bray
Rosemary Burrows,Strength and Honor: Creating the World of 'Gladiator'
Judianna Makovsky,Marvel Studios Assembled: The Making of the Guardians of the Galaxy Vol. 3
Judianna Makovsky,The World Is Watching: Making the Hunger Games
Peter Mountain,According to Plan: The Making of 'Pirates of the Caribbean: Dead Man's Chest'
Peter Mountain,Underground
Peter Mountain,Sweeney Todd: The Demon Barber of Fleet Street
Peter Mountain,Once Upon a Time There Was a Country
John Seale,Till There Was You
John Seale,The Hitcher: How Do These Movies Get Made?
John Seale,Doctors & Nurses
John Seale,The Oscars
John Seale,"Careful, He Might Hear You"
John Seale,Not Quite Hollywood
John Seale,Silver City
Pete Cavaciuti,Allied Forces: Making 1917
Pete Cavaciuti,1Life
